0.056202,0.11943,0.197963,0.298938,0.403002,0.313068,0.226907,0.164673,0.12032,0.0872042,0.0609164,0.038717,0.0188335,0,0,0,0,0,0,0,0,0,0,0,0,0,0,0,0,0,0,0,0,0,0,0,0,0,0,0,0,0,0,0,0,0,0,0,0,0,0,0,0,0,0,0,0,0,0,0,0,0,0,0,0,0,0,0,0,0,0,0,0,0,0,0,0,0,0,0,0,0,0,0,0,0,0,0,0,0,0,0,0,0,0,0,0,0,0,0
0.105378,0.223554,0.373485,0.594787,1,0.622366,0.429885,0.311464,0.229405,0.16758,0.117744,0.0751183,0.0366168,0,0,0,0,0,0,0,0,0,0,0,0,0,0,0,0,0,0,0,0,0,0,0,0,0,0,0,0,0,0,0,0,0,0,0,0,0,0,0,0,0,0,0,0,0,0,0,0,0,0,0,0,0,0,0,0,0,0,0,0,0,0,0,0,0,0,0,0,0,0,0,0,0,0,0,0,0,0,0,0,0,0,0,0,0,0,0
0.141758,0.295923,0.477635,0.706724,1,0.74651,0.558804,0.421892,0.318256,0.235966,0.167363,0.107395,0.0525156,0,0,0,0,0,0,0,0,0,0,0,0,0,0,0,0,0,0,0,0,0,0,0,0,0,0,0,0,0,0,0,0,0,0,0,0,0,0,0,0,0,0,0,0,0,0,0,0,0,0,0,0,0,0,0,0,0,0,0,0,0,0,0,0,0,0,0,0,0,0,0,0,0,0,0,0,0,0,0,0,0,0,0,0,0,0,0
0.165729,0.340745,0.534409,0.754476,1,0.804869,0.636929,0.499043,0.385761,0.290665,0.208347,0.134583,0.0660509,0,0,0,0,0,0,0,0,0,0,0,0,0,0,0,0,0,0,0,0,0,0,0,0,0,0,0,0,0,0,0,0,0,0,0,0,0,0,0,0,0,0,0,0,0,0,0,0,0,0,0,0,0,0,0,0,0,0,0,0,0,0,0,0,0,0,0,0,0,0,0,0,0,0,0,0,0,0,0,0,0,0,0,0,0,0,0
0.180415,0.366917,0.564779,0.776771,1,0.836038,0.685001,0.551591,0.435082,0.332585,0.240776,0.156538,0.0771056,0,0,0,0,0,0,0,0,0,0,0,0,0,0,0,0,0,0,0,0,0,0,0,0,0,0,0,0,0,0,0,0,0,0,0,0,0,0,0,0,0,0,0,0,0,0,0,0,0,0,0,0,0,0,0,0,0,0,0,0,0,0,0,0,0,0,0,0,0,0,0,0,0,0,0,0,0,0,0,0,0,0,0,0,0,0,0
0.189014,0.381731,0.581019,0.787828,1,0.85428,0.715447,0.587238,0.470388,0.363819,0.265634,0.173687,0.0858335,0,0,0,0,0,0,0,0,0,0,0,0,0,0,0,0,0,0,0,0,0,0,0,0,0,0,0,0,0,0,0,0,0,0,0,0,0,0,0,0,0,0,0,0,0,0,0,0,0,0,0,0,0,0,0,0,0,0,0,0,0,0,0,0,0,0,0,0,0,0,0,0,0,0,0,0,0,0,0,0,0,0,0,0,0,0,0
0.193909,0.389974,0.589739,0.793522,1,0.865637,0.735267,0.611526,0.495414,0.386668,0.284254,0.186743,0.0925415,0,0,0,0,0,0,0,0,0,0,0,0,0,0,0,0,0,0,0,0,0,0,0,0,0,0,0,0,0,0,0,0,0,0,0,0,0,0,0,0,0,0,0,0,0,0,0,0,0,0,0,0,0,0,0,0,0,0,0,0,0,0,0,0,0,0,0,0,0,0,0,0,0,0,0,0,0,0,0,0,0,0,0,0,0,0,0
0.196647,0.394517,0.59444,0.796521,1,0.872999,0.748459,0.628186,0.513075,0.403186,0.29797,0.19649,0.0975893,0,0,0,0,0,0,0,0,0,0,0,0,0,0,0,0,0,0,0,0,0,0,0,0,0,0,0,0,0,0,0,0,0,0,0,0,0,0,0,0,0,0,0,0,0,0,0,0,0,0,0,0,0,0,0,0,0,0,0,0,0,0,0,0,0,0,0,0,0,0,0,0,0,0,0,0,0,0,0,0,0,0,0,0,0,0,0
0.198163,0.397008,0.596982,0.798121,1,0.8779,0.757383,0.639685,0.525513,0.41503,0.30795,0.203658,0.101325,0,0,0,0,0,0,0,0,0,0,0,0,0,0,0,0,0,0,0,0,0,0,0,0,0,0,0,0,0,0,0,0,0,0,0,0,0,0,0,0,0,0,0,0,0,0,0,0,0,0,0,0,0,0,0,0,0,0,0,0,0,0,0,0,0,0,0,0,0,0,0,0,0,0,0,0,0,0,0,0,0,0,0,0,0,0,0
0.198996,0.398369,0.59836,0.798982,1,0.881219,0.763487,0.647658,0.534261,0.423472,0.315143,0.208867,0.104054,0,0,0,0,0,0,0,0,0,0,0,0,0,0,0,0,0,0,0,0,0,0,0,0,0,0,0,0,0,0,0,0,0,0,0,0,0,0,0,0,0,0,0,0,0,0,0,0,0,0,0,0,0,0,0,0,0,0,0,0,0,0,0,0,0,0,0,0,0,0,0,0,0,0,0,0,0,0,0,0,0,0,0,0,0,0,0
0.199452,0.399111,0.599108,0.799447,1,0.883489,0.76769,0.653197,0.540401,0.429455,0.320283,0.212613,0.106024,0,0,0,0,0,0,0,0,0,0,0,0,0,0,0,0,0,0,0,0,0,0,0,0,0,0,0,0,0,0,0,0,0,0,0,0,0,0,0,0,0,0,0,0,0,0,0,0,0,0,0,0,0,0,0,0,0,0,0,0,0,0,0,0,0,0,0,0,0,0,0,0,0,0,0,0,0,0,0,0,0,0,0,0,0,0,0
0.1997,0.399515,0.599514,0.799699,1,0.885047,0.770587,0.65704,0.54469,0.433664,0.323921,0.215276,0.107429,0,0,0,0,0,0,0,0,0,0,0,0,0,0,0,0,0,0,0,0,0,0,0,0,0,0,0,0,0,0,0,0,0,0,0,0,0,0,0,0,0,0,0,0,0,0,0,0,0,0,0,0,0,0,0,0,0,0,0,0,0,0,0,0,0,0,0,0,0,0,0,0,0,0,0,0,0,0,0,0,0,0,0,0,0,0,0
0.199835,0.399733,0.599733,0.799835,1,0.886111,0.772572,0.659684,0.547657,0.43659,0.326461,0.217142,0.108415,0,0,0,0,0,0,0,0,0,0,0,0,0,0,0,0,0,0,0,0,0,0,0,0,0,0,0,0,0,0,0,0,0,0,0,0,0,0,0,0,0,0,0,0,0,0,0,0,0,0,0,0,0,0,0,0,0,0,0,0,0,0,0,0,0,0,0,0,0,0,0,0,0,0,0,0,0,0,0,0,0,0,0,0,0,0,0
0.199908,0.399851,0.59985,0.799908,1,0.886825,0.773906,0.661467,0.549664,0.438576,0.328191,0.218417,0.10909,0,0,0,0,0,0,0,0,0,0,0,0,0,0,0,0,0,0,0,0,0,0,0,0,0,0,0,0,0,0,0,0,0,0,0,0,0,0,0,0,0,0,0,0,0,0,0,0,0,0,0,0,0,0,0,0,0,0,0,0,0,0,0,0,0,0,0,0,0,0,0,0,0,0,0,0,0,0,0,0,0,0,0,0,0,0,0
0.199945,0.399911,0.599911,0.799945,1,0.887282,0.774762,0.662613,0.550958,0.439859,0.329312,0.219243,0.109528,0,0,0,0,0,0,0,0,0,0,0,0,0,0,0,0,0,0,0,0,0,0,0,0,0,0,0,0,0,0,0,0,0,0,0,0,0,0,0,0,0,0,0,0,0,0,0,0,0,0,0,0,0,0,0,0,0,0,0,0,0,0,0,0,0,0,0,0,0,0,0,0,0,0,0,0,0,0,0,0,0,0,0,0,0,0,0
0.199961,0.399937,0.599937,0.799961,1,0.887541,0.775248,0.663264,0.551694,0.440592,0.329952,0.219717,0.10978,0,0,0,0,0,0,0,0,0,0,0,0,0,0,0,0,0,0,0,0,0,0,0,0,0,0,0,0,0,0,0,0,0,0,0,0,0,0,0,0,0,0,0,0,0,0,0,0,0,0,0,0,0,0,0,0,0,0,0,0,0,0,0,0,0,0,0,0,0,0,0,0,0,0,0,0,0,0,0,0,0,0,0,0,0,0,0
0.199962,0.399939,0.599939,0.799962,1,0.887635,0.775423,0.663501,0.551963,0.440861,0.330189,0.219893,0.109873,0,0,0,0,0,0,0,0,0,0,0,0,0,0,0,0,0,0,0,0,0,0,0,0,0,0,0,0,0,0,0,0,0,0,0,0,0,0,0,0,0,0,0,0,0,0,0,0,0,0,0,0,0,0,0,0,0,0,0,0,0,0,0,0,0,0,0,0,0,0,0,0,0,0,0,0,0,0,0,0,0,0,0,0,0,0,0
0.199949,0.399918,0.599917,0.799949,1,0.887574,0.775311,0.663352,0.551798,0.440699,0.33005,0.219791,0.10982,0,0,0,0,0,0,0,0,0,0,0,0,0,0,0,0,0,0,0,0,0,0,0,0,0,0,0,0,0,0,0,0,0,0,0,0,0,0,0,0,0,0,0,0,0,0,0,0,0,0,0,0,0,0,0,0,0,0,0,0,0,0,0,0,0,0,0,0,0,0,0,0,0,0,0,0,0,0,0,0,0,0,0,0,0,0,0
0.199916,0.399865,0.599865,0.799916,1,0.887351,0.774895,0.662798,0.551178,0.440089,0.329521,0.219403,0.109615,0,0,0,0,0,0,0,0,0,0,0,0,0,0,0,0,0,0,0,0,0,0,0,0,0,0,0,0,0,0,0,0,0,0,0,0,0,0,0,0,0,0,0,0,0,0,0,0,0,0,0,0,0,0,0,0,0,0,0,0,0,0,0,0,0,0,0,0,0,0,0,0,0,0,0,0,0,0,0,0,0,0,0,0,0,0,0
0.199852,0.39976,0.59976,0.799851,1,0.886934,0.774119,0.661768,0.550026,0.438957,0.328541,0.218685,0.109236,0,0,0,0,0,0,0,0,0,0,0,0,0,0,0,0,0,0,0,0,0,0,0,0,0,0,0,0,0,0,0,0,0,0,0,0,0,0,0,0,0,0,0,0,0,0,0,0,0,0,0,0,0,0,0,0,0,0,0,0,0,0,0,0,0,0,0,0,0,0,0,0,0,0,0,0,0,0,0,0,0,0,0,0,0,0,0
0.199732,0.399565,0.599563,0.799729,1,0.886267,0.77288,0.660128,0.548201,0.437172,0.327003,0.217561,0.108644,0,0,0,0,0,0,0,0,0,0,0,0,0,0,0,0,0,0,0,0,0,0,0,0,0,0,0,0,0,0,0,0,0,0,0,0,0,0,0,0,0,0,0,0,0,0,0,0,0,0,0,0,0,0,0,0,0,0,0,0,0,0,0,0,0,0,0,0,0,0,0,0,0,0,0,0,0,0,0,0,0,0,0,0,0,0,0
0.19951,0.399203,0.599199,0.799503,1,0.885252,0.771006,0.657664,0.545478,0.434526,0.324736,0.215913,0.107778,0,0,0,0,0,0,0,0,0,0,0,0,0,0,0,0,0,0,0,0,0,0,0,0,0,0,0,0,0,0,0,0,0,0,0,0,0,0,0,0,0,0,0,0,0,0,0,0,0,0,0,0,0,0,0,0,0,0,0,0,0,0,0,0,0,0,0,0,0,0,0,0,0,0,0,0,0,0,0,0,0,0,0,0,0,0,0
0.199104,0.39854,0.598526,0.799082,1,0.883738,0.768226,0.654045,0.54152,0.43072,0.321503,0.213577,0.106556,0,0,0,0,0,0,0,0,0,0,0,0,0,0,0,0,0,0,0,0,0,0,0,0,0,0,0,0,0,0,0,0,0,0,0,0,0,0,0,0,0,0,0,0,0,0,0,0,0,0,0,0,0,0,0,0,0,0,0,0,0,0,0,0,0,0,0,0,0,0,0,0,0,0,0,0,0,0,0,0,0,0,0,0,0,0,0
0.198367,0.397326,0.597285,0.798299,1,0.881473,0.764115,0.648769,0.535839,0.425331,0.316977,0.210335,0.104869,0,0,0,0,0,0,0,0,0,0,0,0,0,0,0,0,0,0,0,0,0,0,0,0,0,0,0,0,0,0,0,0,0,0,0,0,0,0,0,0,0,0,0,0,0,0,0,0,0,0,0,0,0,0,0,0,0,0,0,0,0,0,0,0,0,0,0,0,0,0,0,0,0,0,0,0,0,0,0,0,0,0,0,0,0,0,0
0.197036,0.395113,0.594988,0.796829,1,0.87804,0.757991,0.641079,0.527733,0.41779,0.310741,0.205916,0.102585,0,0,0,0,0,0,0,0,0,0,0,0,0,0,0,0,0,0,0,0,0,0,0,0,0,0,0,0,0,0,0,0,0,0,0,0,0,0,0,0,0,0,0,0,0,0,0,0,0,0,0,0,0,0,0,0,0,0,0,0,0,0,0,0,0,0,0,0,0,0,0,0,0,0,0,0,0,0,0,0,0,0,0,0,0,0,0
0.194663,0.391104,0.590724,0.79403,1,0.872697,0.74873,0.629823,0.516226,0.407353,0.30228,0.200005,0.0995543,0,0,0,0,0,0,0,0,0,0,0,0,0,0,0,0,0,0,0,0,0,0,0,0,0,0,0,0,0,0,0,0,0,0,0,0,0,0,0,0,0,0,0,0,0,0,0,0,0,0,0,0,0,0,0,0,0,0,0,0,0,0,0,0,0,0,0,0,0,0,0,0,0,0,0,0,0,0,0,0,0,0,0,0,0,0,0
0.190514,0.383914,0.582774,0.788566,1,0.864016,0.734409,0.613258,0.499994,0.393116,0.291021,0.19227,0.0956272,0,0,0,0,0,0,0,0,0,0,0,0,0,0,0,0,0,0,0,0,0,0,0,0,0,0,0,0,0,0,0,0,0,0,0,0,0,0,0,0,0,0,0,0,0,0,0,0,0,0,0,0,0,0,0,0,0,0,0,0,0,0,0,0,0,0,0,0,0,0,0,0,0,0,0,0,0,0,0,0,0,0,0,0,0,0,0
0.183479,0.371265,0.567892,0.77746,1,0.848959,0.711632,0.588807,0.477377,0.374098,0.276416,0.182428,0.0906843,0,0,0,0,0,0,0,0,0,0,0,0,0,0,0,0,0,0,0,0,0,0,0,0,0,0,0,0,0,0,0,0,0,0,0,0,0,0,0,0,0,0,0,0,0,0,0,0,0,0,0,0,0,0,0,0,0,0,0,0,0,0,0,0,0,0,0,0,0,0,0,0,0,0,0,0,0,0,0,0,0,0,0,0,0,0,0
0.172138,0.349775,0.540069,0.753382,1,0.820189,0.674352,0.552961,0.44661,0.349482,0.258116,0.170344,0.0846817,0,0,0,0,0,0,0,0,0,0,0,0,0,0,0,0,0,0,0,0,0,0,0,0,0,0,0,0,0,0,0,0,0,0,0,0,0,0,0,0,0,0,0,0,0,0,0,0,0,0,0,0,0,0,0,0,0,0,0,0,0,0,0,0,0,0,0,0,0,0,0,0,0,0,0,0,0,0,0,0,0,0,0,0,0,0,0
0.155297,0.315629,0.489227,0.695999,1,0.757445,0.612628,0.502075,0.406619,0.319104,0.236224,0.156148,0.0776988,0,0,0,0,0,0,0,0,0,0,0,0,0,0,0,0,0,0,0,0,0,0,0,0,0,0,0,0,0,0,0,0,0,0,0,0,0,0,0,0,0,0,0,0,0,0,0,0,0,0,0,0,0,0,0,0,0,0,0,0,0,0,0,0,0,0,0,0,0,0,0,0,0,0,0,0,0,0,0,0,0,0,0,0,0,0,0
0.133419,0.268218,0.405212,0.541387,0.652102,0.596962,0.516641,0.436091,0.358689,0.284092,0.211526,0.140328,0.0699653,0,0,0,0,0,0,0,0,0,0,0,0,0,0,0,0,0,0,0,0,0,0,0,0,0,0,0,0,0,0,0,0,0,0,0,0,0,0,0,0,0,0,0,0,0,0,0,0,0,0,0,0,0,0,0,0,0,0,0,0,0,0,0,0,0,0,0,0,0,0,0,0,0,0,0,0,0,0,0,0,0,0,0,0,0,0,0
0.110161,0.218614,0.322014,0.412236,0.470061,0.46166,0.420885,0.366957,0.307955,0.247048,0.185463,0.12367,0.0618349,0,0,0,0,0,0,0,0,0,0,0,0,0,0,0,0,0,0,0,0,0,0,0,0,0,0,0,0,0,0,0,0,0,0,0,0,0,0,0,0,0,0,0,0,0,0,0,0,0,0,0,0,0,0,0,0,0,0,0,0,0,0,0,0,0,0,0,0,0,0,0,0,0,0,0,0,0,0,0,0,0,0,0,0,0,0,0
0.0886104,0.174061,0.251996,0.315484,0.354244,0.358734,0.338281,0.3029,0.259127,0.210681,0.159608,0.107056,0.0537039,0,0,0,0,0,0,0,0,0,0,0,0,0,0,0,0,0,0,0,0,0,0,0,0,0,0,0,0,0,0,0,0,0,0,0,0,0,0,0,0,0,0,0,0,0,0,0,0,0,0,0,0,0,0,0,0,0,0,0,0,0,0,0,0,0,0,0,0,0,0,0,0,0,0,0,0,0,0,0,0,0,0,0,0,0,0,0
0.0702196,0.137026,0.196423,0.243459,0.2727,0.280751,0.270606,0.247234,0.214973,0.176941,0.135233,0.0912415,0.0459248,0,0,0,0,0,0,0,0,0,0,0,0,0,0,0,0,0,0,0,0,0,0,0,0,0,0,0,0,0,0,0,0,0,0,0,0,0,0,0,0,0,0,0,0,0,0,0,0,0,0,0,0,0,0,0,0,0,0,0,0,0,0,0,0,0,0,0,0,0,0,0,0,0,0,0,0,0,0,0,0,0,0,0,0,0,0,0
0.0552415,0.107402,0.153211,0.18923,0.212346,0.220964,0.21616,0.20046,0.176589,0.146879,0.113143,0.0767519,0.038754,0,0,0,0,0,0,0,0,0,0,0,0,0,0,0,0,0,0,0,0,0,0,0,0,0,0,0,0,0,0,0,0,0,0,0,0,0,0,0,0,0,0,0,0,0,0,0,0,0,0,0,0,0,0,0,0,0,0,0,0,0,0,0,0,0,0,0,0,0,0,0,0,0,0,0,0,0,0,0,0,0,0,0,0,0,0,0
0.0433448,0.0841283,0.119792,0.147902,0.166493,0.1746,0.172609,0.161857,0.144044,0.120842,0.0937097,0.0638691,0.0323393,0,0,0,0,0,0,0,0,0,0,0,0,0,0,0,0,0,0,0,0,0,0,0,0,0,0,0,0,0,0,0,0,0,0,0,0,0,0,0,0,0,0,0,0,0,0,0,0,0,0,0,0,0,0,0,0,0,0,0,0,0,0,0,0,0,0,0,0,0,0,0,0,0,0,0,0,0,0,0,0,0,0,0,0,0,0,0
0.0340094,0.0659751,0.0939261,0.116094,0.131126,0.138335,0.137821,0.130314,0.116892,0.0987353,0.0769849,0.0526759,0.0267344,0,0,0,0,0,0,0,0,0,0,0,0,0,0,0,0,0,0,0,0,0,0,0,0,0,0,0,0,0,0,0,0,0,0,0,0,0,0,0,0,0,0,0,0,0,0,0,0,0,0,0,0,0,0,0,0,0,0,0,0,0,0,0,0,0,0,0,0,0,0,0,0,0,0,0,0,0,0,0,0,0,0,0,0,0,0,0
0.026718,0.0518368,0.073844,0.0914222,0.103583,0.109794,0.110027,0.104688,0.0944732,0.0802238,0.0628191,0.0431156,0.0219223,0,0,0,0,0,0,0,0,0,0,0,0,0,0,0,0,0,0,0,0,0,0,0,0,0,0,0,0,0,0,0,0,0,0,0,0,0,0,0,0,0,0,0,0,0,0,0,0,0,0,0,0,0,0,0,0,0,0,0,0,0,0,0,0,0,0,0,0,0,0,0,0,0,0,0,0,0,0,0,0,0,0,0,0,0,0,0
0.0210259,0.0408105,0.0581913,0.0721684,0.0819917,0.0872323,0.0878056,0.0839383,0.0760904,0.0648685,0.0509526,0.0350453,0.0178396,0,0,0,0,0,0,0,0,0,0,0,0,0,0,0,0,0,0,0,0,0,0,0,0,0,0,0,0,0,0,0,0,0,0,0,0,0,0,0,0,0,0,0,0,0,0,0,0,0,0,0,0,0,0,0,0,0,0,0,0,0,0,0,0,0,0,0,0,0,0,0,0,0,0,0,0,0,0,0,0,0,0,0,0,0,0,0
0.0165751,0.0321885,0.045943,0.0570691,0.0649847,0.0693388,0.070026,0.0671704,0.0610827,0.0522079,0.0410782,0.028274,0.0143908,0,0,0,0,0,0,0,0,0,0,0,0,0,0,0,0,0,0,0,0,0,0,0,0,0,0,0,0,0,0,0,0,0,0,0,0,0,0,0,0,0,0,0,0,0,0,0,0,0,0,0,0,0,0,0,0,0,0,0,0,0,0,0,0,0,0,0,0,0,0,0,0,0,0,0,0,0,0,0,0,0,0,0,0,0,0,0
0.013086,0.0254258,0.0363235,0.0451812,0.0515406,0.0551133,0.0557904,0.053636,0.048863,0.0418032,0.0328791,0.0225821,0.0114497,0,0,0,0,0,0,0,0,0,0,0,0,0,0,0,0,0,0,0,0,0,0,0,0,0,0,0,0,0,0,0,0,0,0,0,0,0,0,0,0,0,0,0,0,0,0,0,0,0,0,0,0,0,0,0,0,0,0,0,0,0,0,0,0,0,0,0,0,0,0,0,0,0,0,0,0,0,0,0,0,0,0,0,0,0,0,0
0.0103432,0.0201056,0.0287447,0.0357924,0.0408849,0.0437847,0.0443876,0.0427213,0.0389313,0.0332639,0.0260536,0.0177261,0.00882616,0,0,0,0,0,0,0,0,0,0,0,0,0,0,0,0,0,0,0,0,0,0,0,0,0,0,0,0,0,0,0,0,0,0,0,0,0,0,0,0,0,0,0,0,0,0,0,0,0,0,0,0,0,0,0,0,0,0,0,0,0,0,0,0,0,0,0,0,0,0,0,0,0,0,0,0,0,0,0,0,0,0,0,0,0,0,0
0.00818146,0.015909,0.022758,0.0283596,0.0324236,0.0347542,0.0352554,0.0339317,0.0308781,0.0262686,0.0203465,0.0134435,0.00612919,0,0,0,0,0,0,0,0,0,0,0,0,0,0,0,0,0,0,0,0,0,0,0,0,0,0,0,0,0,0,0,0,0,0,0,0,0,0,0,0,0,0,0,0,0,0,0,0,0,0,0,0,0,0,0,0,0,0,0,0,0,0,0,0,0,0,0,0,0,0,0,0,0,0,0,0,0,0,0,0,0,0,0,0,0,0,0
0.00647371,0.0125914,0.0180192,0.0224654,0.0256975,0.0275542,0.0279495,0.0268732,0.0243824,0.0205872,0.0156213,0.00957322,0.00224785,0.000462912,0.000416176,0.000400093,0.000286784,0.000156859,9.73898e-05,6.58218e-05,4.70129e-05,3.48244e-05,2.64413e-05,2.04258e-05,1.59749e-05,1.26068e-05,1.00145e-05,7.99344e-06,6.40198e-06,5.13884e-06,4.12987e-06,3.31958e-06,2.66577e-06,2.13581e-06,1.70416e-06,1.3506e-06,1.05887e-06,8.15777e-07,6.10405e-07,4.33593e-07,2.77463e-07,1.35052e-07,0,0,0,0,0,0,0,0,0,0,0,0,0,0,0,0,0,0,0,0,0,0,0,0,0,0,0,0,0,0,0,0,0,0,0,0,0,0,0,0,0,0,0,0,0,0,0,0,0,0,0,0,0,0,0,0,0,0
0.00512212,0.00996407,0.0142625,0.0177861,0.0203484,0.021817,0.0221168,0.0212305,0.0191927,0.0160778,0.01198,0.00698176,0.00112011,0.000448341,0.000421059,0.000409958,0.000369639,0.000244474,0.000167682,0.00011947,8.78582e-05,6.62068e-05,5.08135e-05,3.95358e-05,3.10771e-05,2.46157e-05,1.96094e-05,1.56871e-05,1.25867e-05,1.01187e-05,8.14245e-06,6.55223e-06,5.26688e-06,4.22347e-06,3.3725e-06,2.67461e-06,2.09813e-06,1.61726e-06,1.21062e-06,8.60231e-07,5.50608e-07,2.68042e-07,0,0,0,0,0,0,0,0,0,0,0,0,0,0,0,0,0,0,0,0,0,0,0,0,0,0,0,0,0,0,0,0,0,0,0,0,0,0,0,0,0,0,0,0,0,0,0,0,0,0,0,0,0,0,0,0,0,0
0.00405081,0.00788063,0.0112813,0.0140691,0.0160946,0.0172501,0.0174716,0.016741,0.0150817,0.0125528,0.00924072,0.00525546,0.00075136,0.000426439,0.000411592,0.00040497,0.000387634,0.00028526,0.000210553,0.000157415,0.000119458,9.19149e-05,7.15538e-05,5.62331e-05,4.45255e-05,3.5462e-05,2.83702e-05,2.27726e-05,1.83225e-05,1.47638e-05,1.19037e-05,9.59514e-06,7.72423e-06,6.20197e-06,4.95794e-06,3.93584e-06,3.09014e-06,2.38361e-06,1.78533e-06,1.26918e-06,8.12634e-07,3.95678e-07,0,0,0,0,0,0,0,0,0,0,0,0,0,0,0,0,0,0,0,0,0,0,0,0,0,0,0,0,0,0,0,0,0,0,0,0,0,0,0,0,0,0,0,0,0,0,0,0,0,0,0,0,0,0,0,0,0,0
0.00320061,0.00622669,0.00891356,0.0111154,0.0127126,0.0136184,0.01378,0.0131815,0.0118419,0.0098127,0.00717639,0.00404984,0.000601174,0.000404651,0.000395794,0.000391717,0.000382665,0.000300077,0.000233229,0.000181299,0.000141564,0.000111207,8.78972e-05,6.98618e-05,5.57929e-05,4.47324e-05,3.59761e-05,2.90017e-05,2.34172e-05,1.89253e-05,1.5298e-05,1.23582e-05,9.96764e-06,8.01668e-06,6.41802e-06,5.10139e-06,4.00961e-06,3.09568e-06,2.3204e-06,1.65051e-06,1.05722e-06,5.14896e-07,0,0,0,0,0,0,0,0,0,0,0,0,0,0,0,0,0,0,0,0,0,0,0,0,0,0,0,0,0,0,0,0,0,0,0,0,0,0,0,0,0,0,0,0,0,0,0,0,0,0,0,0,0,0,0,0,0,0
0.00252508,0.0049123,0.00703147,0.00876695,0.0100236,0.0107321,0.0108501,0.0103648,0.00929332,0.00768141,0.00560408,0.00316821,0.00051923,0.000383099,0.000377154,0.000374392,0.000368802,0.000300942,0.0002425,0.000194262,0.000155368,0.000124361,9.97395e-05,8.01845e-05,6.46176e-05,5.21844e-05,4.22182e-05,3.42007e-05,2.77292e-05,2.24891e-05,1.82339e-05,1.4769e-05,1.19395e-05,9.62204e-06,7.71687e-06,6.14318e-06,4.83477e-06,3.73684e-06,2.80345e-06,1.99546e-06,1.27878e-06,6.22975e-07,0,0,0,0,0,0,0,0,0,0,0,0,0,0,0,0,0,0,0,0,0,0,0,0,0,0,0,0,0,0,0,0,0,0,0,0,0,0,0,0,0,0,0,0,0,0,0,0,0,0,0,0,0,0,0,0,0,0
0.00198751,0.00386631,0.00553364,0.00689813,0.00788448,0.00843782,0.00852468,0.00813588,0.00728677,0.00601728,0.00439213,0.00250159,0.000462096,0.000361656,0.000357304,0.000355248,0.000351346,0.000294232,0.000243167,0.000199257,0.00016247,0.000132148,0.000107389,8.72719e-05,7.09577e-05,5.773e-05,4.69957e-05,3.82723e-05,3.11711e-05,2.538e-05,2.06484e-05,1.6775e-05,1.35972e-05,1.09834e-05,8.82666e-06,7.03905e-06,5.54815e-06,4.29356e-06,3.22433e-06,2.29677e-06,1.47264e-06,7.17629e-07,0,0,0,0,0,0,0,0,0,0,0,0,0,0,0,0,0,0,0,0,0,0,0,0,0,0,0,0,0,0,0,0,0,0,0,0,0,0,0,0,0,0,0,0,0,0,0,0,0,0,0,0,0,0,0,0,0,0
0.00155877,0.00303209,0.00433919,0.00540818,0.00617985,0.00661124,0.00667632,0.00636875,0.00570221,0.00471051,0.00344739,0.00198586,0.000416402,0.000340495,0.000337145,0.000335511,0.000332561,0.000283343,0.000238329,0.000198573,0.000164364,0.000135463,0.000111346,9.13782e-05,7.49244e-05,6.1401e-05,5.02992e-05,4.11875e-05,3.37067e-05,2.75608e-05,2.25065e-05,1.83451e-05,1.49136e-05,1.2078e-05,9.72835e-06,7.77336e-06,6.13712e-06,4.75585e-06,3.57534e-06,2.54884e-06,1.63514e-06,7.97053e-07,0,0,0,0,0,0,0,0,0,0,0,0,0,0,0,0,0,0,0,0,0,0,0,0,0,0,0,0,0,0,0,0,0,0,0,0,0,0,0,0,0,0,0,0,0,0,0,0,0,0,0,0,0,0,0,0,0,0
0.00121558,0.00236439,0.00338332,0.00421624,0.00481695,0.00515215,0.0052019,0.00496201,0.00444436,0.00367684,0.00270284,0.00157996,0.000377535,0.000319902,0.000317259,0.000315909,0.000313553,0.00027013,0.000229904,0.000193819,0.000162249,0.000135132,0.000112147,9.2839e-05,7.67184e-05,6.33116e-05,5.21886e-05,4.29734e-05,3.53438e-05,2.90284e-05,2.37998e-05,1.94686e-05,1.58773e-05,1.28948e-05,1.04119e-05,8.33722e-06,6.59407e-06,5.11735e-06,3.85139e-06,2.7478e-06,1.76366e-06,8.59919e-07,0,0,0,0,0,0,0,0,0,0,0,0,0,0,0,0,0,0,0,0,0,0,0,0,0,0,0,0,0,0,0,0,0,0,0,0,0,0,0,0,0,0,0,0,0,0,0,0,0,0,0,0,0,0,0,0,0,0
0.000939244,0.00182682,0.00261391,0.00325713,0.00372085,0.0039796,0.00401831,0.00383437,0.00343783,0.00285122,0.00210889,0.0012555,0.000343559,0.000300158,0.000298054,0.000296914,0.000294925,0.000255587,0.000219009,0.000186037,0.000156991,0.000131828,0.000110288,9.2006e-05,7.65825e-05,6.36252e-05,5.27719e-05,4.36994e-05,3.61259e-05,2.98092e-05,2.4543e-05,2.01528e-05,1.64911e-05,1.34337e-05,1.08756e-05,8.72827e-06,6.91628e-06,5.37532e-06,4.04988e-06,2.89141e-06,1.85651e-06,9.05313e-07,0,0,0,0,0,0,0,0,0,0,0,0,0,0,0,0,0,0,0,0,0,0,0,0,0,0,0,0,0,0,0,0,0,0,0,0,0,0,0,0,0,0,0,0,0,0,0,0,0,0,0,0,0,0,0,0,0,0
0.000714652,0.00138995,0.00198876,0.00247807,0.00283088,0.00302806,0.00305844,0.00292056,0.00262272,0.00218282,0.00162766,0.000991424,0.000313355,0.000281497,0.00027983,0.000278855,0.000276991,0.000240121,0.000206156,0.000175793,0.00014915,0.00012605,0.000106188,8.92129e-05,7.47723e-05,6.25326e-05,5.21882e-05,4.34656e-05,3.61236e-05,2.99523e-05,2.477e-05,2.04206e-05,1.67704e-05,1.37047e-05,1.11259e-05,8.95013e-06,7.10557e-06,5.53029e-06,4.17047e-06,2.9788e-06,1.91269e-06,9.32547e-07,0,0,0,0,0,0,0,0,0,0,0,0,0,0,0,0,0,0,0,0,0,0,0,0,0,0,0,0,0,0,0,0,0,0,0,0,0,0,0,0,0,0,0,0,0,0,0,0,0,0,0,0,0,0,0,0,0,0
0.000529471,0.00102978,0.00147341,0.00183597,0.00209754,0.00224414,0.00226778,0.00216777,0.00195086,0.00163104,0.00122904,0.000770938,0.000285829,0.000264095,0.000262819,0.00026197,0.000259744,0.000223538,0.000191294,0.000163247,0.000139027,0.000118157,0.000100197,8.47691e-05,7.15453e-05,6.0239e-05,5.05966e-05,4.23925e-05,3.54272e-05,2.95245e-05,2.45298e-05,2.03077e-05,1.67407e-05,1.37262e-05,1.11755e-05,9.01167e-06,7.16778e-06,5.58572e-06,4.21473e-06,3.01006e-06,1.93138e-06,9.4077e-07,0,0,0,0,0,0,0,0,0,0,0,0,0,0,0,0,0,0,0,0,0,0,0,0,0,0,0,0,0,0,0,0,0,0,0,0,0,0,0,0,0,0,0,0,0,0,0,0,0,0,0,0,0,0,0,0,0,0
0.000373498,0.000726426,0.0010394,0.00129524,0.00147996,0.00158388,0.00160153,0.00153278,0.0013829,0.00116263,0.000887898,0.000579103,0.000258893,0.000248084,0.000247227,0.000246455,0.000242393,0.000204703,0.000173751,0.000148217,0.000126751,0.000108422,9.26293e-05,7.89735e-05,6.71614e-05,5.69595e-05,4.8169e-05,4.0615e-05,3.41406e-05,2.86051e-05,2.38821e-05,1.98591e-05,1.64356e-05,1.3523e-05,1.10428e-05,8.92613e-06,7.11216e-06,5.54759e-06,4.18571e-06,2.98561e-06,1.91103e-06,9.28042e-07,0,0,0,0,0,0,0,0,0,0,0,0,0,0,0,0,0,0,0,0,0,0,0,0,0,0,0,0,0,0,0,0,0,0,0,0,0,0,0,0,0,0,0,0,0,0,0,0,0,0,0,0,0,0,0,0,0,0
0.000238124,0.00046314,0.000662698,0.000825874,0.000943795,0.00101037,0.00102225,0.000979579,0.00088614,0.000749616,0.000581975,0.000400145,0.000226357,0.000233607,0.000233326,0.000232519,0.000221501,0.000180725,0.000152182,0.000130355,0.000112445,9.71428e-05,8.38202e-05,7.21403e-05,6.18921e-05,5.29185e-05,4.50867e-05,3.82765e-05,3.23762e-05,2.72811e-05,2.28942e-05,1.91259e-05,1.58943e-05,1.31248e-05,1.07502e-05,8.71024e-06,6.95084e-06,5.42404e-06,4.08769e-06,2.90558e-06,1.84769e-06,8.88908e-07,0,0,0,0,0,0,0,0,0,0,0,0,0,0,0,0,0,0,0,0,0,0,0,0,0,0,0,0,0,0,0,0,0,0,0,0,0,0,0,0,0,0,0,0,0,0,0,0,0,0,0,0,0,0,0,0,0,0
0.000115874,0.000225372,0.00032249,0.000401919,0.00045936,0.000491879,0.000497894,0.000477572,0.000432968,0.000368351,0.000291068,0.000214306,0.000166614,0.000221143,0.00022165,0.0002206,0.000183923,0.000145921,0.000125115,0.000109668,9.65177e-05,8.47852e-05,7.41891e-05,6.46224e-05,5.60261e-05,4.83489e-05,4.15353e-05,3.55242e-05,3.02496e-05,2.56432e-05,2.16367e-05,1.81633e-05,1.51592e-05,1.25644e-05,1.03229e-05,8.38333e-06,6.69841e-06,5.22547e-06,3.92655e-06,2.76971e-06,1.73232e-06,8.07196e-07,0,0,0,0,0,0,0,0,0,0,0,0,0,0,0,0,0,0,0,0,0,0,0,0,0,0,0,0,0,0,0,0,0,0,0,0,0,0,0,0,0,0,0,0,0,0,0,0,0,0,0,0,0,0,0,0,0,0
0,0,0,0,0,0,0,0,0,0,0,0,0,0,0,0,8.00166e-05,9.50061e-05,9.36668e-05,8.75934e-05,8.0024e-05,7.20843e-05,6.42644e-05,5.68134e-05,4.98646e-05,4.34849e-05,3.76988e-05,3.2503e-05,2.78753e-05,2.37815e-05,2.01803e-05,1.70266e-05,1.42739e-05,1.18759e-05,9.78775e-06,7.96647e-06,6.37156e-06,4.96498e-06,3.71153e-06,2.58003e-06,1.54895e-06,6.32059e-07,0,0,0,0,0,0,0,0,0,0,0,0,0,0,0,0,0,0,0,0,0,0,0,0,0,0,0,0,0,0,0,0,0,0,0,0,0,0,0,0,0,0,0,0,0,0,0,0,0,0,0,0,0,0,0,0,0,0
0,0,0,0,0,0,0,0,0,0,0,0,0,0,0,0,4.13077e-05,6.09944e-05,6.76424e-05,6.77306e-05,6.46071e-05,5.99447e-05,5.46174e-05,4.9109e-05,4.36985e-05,3.85484e-05,3.375e-05,2.93489e-05,2.53609e-05,2.17814e-05,1.8593e-05,1.57699e-05,1.32812e-05,1.10933e-05,9.17167e-06,7.48153e-06,5.98857e-06,4.65898e-06,3.45883e-06,2.35183e-06,1.29151e-06,1.90229e-07,6.33501e-09,4.22576e-09,3.06136e-09,2.30886e-09,1.77857e-09,1.38681e-09,1.08939e-09,8.59771e-10,6.80553e-10,5.39656e-10,4.28344e-10,3.40115e-10,2.70035e-10,2.143e-10,1.69946e-10,1.34644e-10,1.06555e-10,8.42184e-11,6.64705e-11,5.23835e-11,4.12159e-11,3.23747e-11,2.53858e-11,1.98698e-11,1.55237e-11,1.21052e-11,9.42137e-12,7.31818e-12,5.67321e-12,4.38914e-12,3.38881e-12,2.61109e-12,2.0077e-12,1.54054e-12,1.17961e-12,9.01361e-13,6.87312e-13,5.23017e-13,3.97197e-13,3.01071e-13,2.27821e-13,1.72163e-13,1.30018e-13,9.82432e-14,7.44211e-14,5.66648e-14,4.3359e-14,3.2641e-14,2.5036e-14,1.96331e-14,1.60365e-14,1.39883e-14,1.33621e-14,0,0,0,0,0
0,0,0,0,0,0,0,0,0,0,0,0,0,0,0,0,2.43262e-05,4.03735e-05,4.86658e-05,5.16316e-05,5.13043e-05,4.90442e-05,4.57103e-05,4.18411e-05,3.77765e-05,3.37313e-05,2.98398e-05,2.61823e-05,2.28028e-05,1.97203e-05,1.69369e-05,1.44429e-05,1.22209e-05,1.02486e-05,8.50066e-06,6.94984e-06,5.56793e-06,4.32575e-06,3.19267e-06,2.13483e-06,1.11135e-06,6.88386e-08,5.06535e-09,3.84687e-09,2.92718e-09,2.25358e-09,1.75319e-09,1.3744e-09,1.08317e-09,8.56678e-10,6.79092e-10,5.39052e-10,4.28181e-10,3.40168e-10,2.70181e-10,2.14474e-10,1.70115e-10,1.34793e-10,1.06679e-10,8.43165e-11,6.65457e-11,5.24392e-11,4.12557e-11,3.2402e-11,2.54035e-11,1.98804e-11,1.55291e-11,1.2107e-11,9.42076e-12,7.31605e-12,5.67019e-12,4.3857e-12,3.38526e-12,2.60765e-12,2.00449e-12,1.53762e-12,1.17703e-12,8.99111e-13,6.8538e-13,5.21378e-13,3.95822e-13,2.99929e-13,2.26879e-13,1.71393e-13,1.29395e-13,9.77488e-14,7.40558e-14,5.64955e-14,4.37484e-14,3.24824e-14,2.48814e-14,1.94948e-14,1.59133e-14,1.3875e-14,1.32526e-14,0,0,0,0,0
0,0,0,0,0,0,0,0,0,0,0,0,0,0,0,0,1.56965e-05,2.7746e-05,3.53712e-05,3.92529e-05,4.03992e-05,3.9697e-05,3.78163e-05,3.52339e-05,3.22805e-05,2.91818e-05,2.60892e-05,2.3102e-05,2.0282e-05,1.76646e-05,1.52662e-05,1.30898e-05,1.11291e-05,9.37104e-06,7.79841e-06,6.39086e-06,5.12596e-06,3.97962e-06,2.92604e-06,1.93736e-06,9.83376e-07,3.39783e-08,3.94222e-09,3.26304e-09,2.62012e-09,2.08359e-09,1.65362e-09,1.31311e-09,1.0439e-09,8.3071e-10,6.61491e-10,5.26886e-10,4.19637e-10,3.34089e-10,2.65809e-10,2.113e-10,1.67793e-10,1.33082e-10,1.0541e-10,8.33709e-11,6.58371e-11,5.19059e-11,4.08527e-11,3.20963e-11,2.51708e-11,1.97027e-11,1.53931e-11,1.20026e-11,9.34045e-12,7.25416e-12,5.62242e-12,4.34878e-12,3.3567e-12,2.58553e-12,1.98736e-12,1.52435e-12,1.16675e-12,8.91146e-13,6.79213e-13,5.16606e-13,3.92132e-13,2.97079e-13,2.24681e-13,1.69702e-13,1.28099e-13,9.67685e-14,7.33401e-14,5.60285e-14,4.35303e-14,3.22245e-14,2.46432e-14,1.92872e-14,1.57317e-14,1.37103e-14,1.30939e-14,0,0,0,0,0
0,0,0,0,0,0,0,0,0,0,0,0,0,0,0,0,1.07671e-05,1.97152e-05,2.60875e-05,2.99439e-05,3.17187e-05,3.19263e-05,3.10292e-05,2.93995e-05,2.73201e-05,2.49991e-05,2.25854e-05,2.01832e-05,1.78625e-05,1.5668e-05,1.36258e-05,1.1748e-05,1.00364e-05,8.48581e-06,7.08556e-06,5.8213e-06,4.67597e-06,3.63048e-06,2.66415e-06,1.75511e-06,8.81264e-07,2.2801e-08,3.16215e-09,2.72979e-09,2.27684e-09,1.86405e-09,1.51119e-09,1.21875e-09,9.80041e-10,7.86658e-10,6.306e-10,5.04925e-10,4.03848e-10,3.2263e-10,2.57427e-10,2.05129e-10,1.63225e-10,1.29685e-10,1.02875e-10,8.14717e-11,6.44107e-11,5.08319e-11,4.00424e-11,3.14839e-11,2.47072e-11,1.93514e-11,1.51264e-11,1.18001e-11,9.18651e-12,7.13706e-12,5.5333e-12,4.28093e-12,3.30503e-12,2.54618e-12,1.95738e-12,1.50153e-12,1.14936e-12,8.77914e-13,6.69145e-13,5.08949e-13,3.86312e-13,2.92659e-13,2.21328e-13,1.67161e-13,1.2618e-13,9.53284e-14,7.22743e-14,5.52605e-14,4.2989e-14,3.18017e-14,2.43007e-14,1.90049e-14,1.54921e-14,1.34961e-14,1.28883e-14,0,0,0,0,0
0,0,0,0,0,0,0,0,0,0,0,0,0,0,0,0,7.69698e-06,1.43906e-05,1.9526e-05,2.29811e-05,2.49108e-05,2.55907e-05,2.53173e-05,2.43594e-05,2.29404e-05,2.12367e-05,1.93824e-05,1.74766e-05,1.559e-05,1.3771e-05,1.20508e-05,1.04472e-05,8.96809e-06,7.61387e-06,6.37926e-06,5.2549e-06,4.22843e-06,3.28528e-06,2.40935e-06,1.58375e-06,7.91726e-07,1.82573e-08,2.61195e-09,2.29399e-09,1.95783e-09,1.63815e-09,1.35279e-09,1.10748e-09,9.0134e-10,7.30509e-10,5.90188e-10,4.75601e-10,3.82415e-10,3.06868e-10,2.45773e-10,1.96474e-10,1.56772e-10,1.2486e-10,9.92561e-11,7.87524e-11,6.23634e-11,4.92883e-11,3.88771e-11,3.06033e-11,2.40413e-11,1.88474e-11,1.47449e-11,1.15112e-11,8.96762e-12,6.97123e-12,5.40766e-12,4.18575e-12,3.23293e-12,2.49158e-12,1.91605e-12,1.47024e-12,1.1257e-12,8.60023e-13,6.55626e-13,4.98741e-13,3.78609e-13,2.86851e-13,2.16952e-13,1.63869e-13,1.23708e-13,9.34763e-14,7.08933e-14,5.42355e-14,4.22237e-14,3.123e-14,2.3857e-14,1.86507e-14,1.51975e-14,1.32361e-14,1.26397e-14,0,0,0,0,0
0,0,0,0,0,0,0,0,0,0,0,0,0,0,0,0,5.66184e-06,1.07253e-05,1.48074e-05,1.77561e-05,1.9602e-05,2.04825e-05,2.05785e-05,2.00748e-05,1.91386e-05,1.7911e-05,1.65059e-05,1.50115e-05,1.3494e-05,1.20013e-05,1.05663e-05,9.20981e-06,7.94347e-06,6.77163e-06,5.69311e-06,4.70255e-06,3.79147e-06,2.94916e-06,2.16338e-06,1.42108e-06,7.09231e-07,1.56654e-08,2.20054e-09,1.94376e-09,1.68033e-09,1.42714e-09,1.19576e-09,9.91774e-10,8.16333e-10,6.68013e-10,5.44124e-10,4.41537e-10,3.57136e-10,2.88045e-10,2.31716e-10,1.85948e-10,1.48872e-10,1.18919e-10,9.47816e-11,7.5378e-11,5.98159e-11,4.73635e-11,3.74219e-11,2.95027e-11,2.32086e-11,1.82173e-11,1.4268e-11,1.11503e-11,8.69458e-12,6.76468e-12,5.25146e-12,4.06767e-12,3.1437e-12,2.42418e-12,1.86517e-12,1.43185e-12,1.09675e-12,8.38212e-13,6.39203e-13,4.86384e-13,3.6932e-13,2.79873e-13,2.11716e-13,1.59943e-13,1.20767e-13,9.12756e-14,6.9247e-14,5.30011e-14,4.12882e-14,3.05366e-14,2.33264e-14,1.82331e-14,1.48545e-14,1.29357e-14,1.23533e-14,0,0,0,0,0
0,0,0,0,0,0,0,0,0,0,0,0,0,0,0,0,4.25015e-06,8.12174e-06,1.13519e-05,1.38056e-05,1.54632e-05,1.63867e-05,1.66826e-05,1.64734e-05,1.588e-05,1.50111e-05,1.3959e-05,1.27989e-05,1.15896e-05,1.03755e-05,9.1888e-06,8.05124e-06,6.9764e-06,5.97118e-06,5.0373e-06,4.17244e-06,3.37122e-06,2.62605e-06,1.9278e-06,1.26646e-06,6.31769e-07,1.37186e-08,1.87636e-09,1.65926e-09,1.44434e-09,1.23891e-09,1.04943e-09,8.79773e-10,7.31387e-10,6.03896e-10,4.95831e-10,4.05184e-10,3.29762e-10,2.67417e-10,2.16156e-10,1.742e-10,1.39995e-10,1.12205e-10,8.97015e-11,7.15319e-11,5.69032e-11,4.51572e-11,3.57505e-11,2.82365e-11,2.22495e-11,1.7491e-11,1.37181e-11,1.07341e-11,8.37972e-12,6.52659e-12,5.07151e-12,3.93173e-12,3.04108e-12,2.34676e-12,1.8068e-12,1.38788e-12,1.06365e-12,8.13315e-13,6.20492e-13,4.72334e-13,3.58779e-13,2.71972e-13,2.05799e-13,1.55515e-13,1.17455e-13,8.87986e-14,6.73916e-14,5.16044e-14,4.02236e-14,2.97495e-14,2.27269e-14,1.77645e-14,1.44721e-14,1.26024e-14,1.20359e-14,0,0,0,0,0
0,0,0,0,0,0,0,0,0,0,0,0,0,0,0,0,3.23722e-06,6.22393e-06,8.77814e-06,1.07909e-05,1.22268e-05,1.31083e-05,1.34958e-05,1.34689e-05,1.31127e-05,1.25084e-05,1.1729e-05,1.08361e-05,9.88015e-06,8.9005e-06,7.9269e-06,6.98059e-06,6.07573e-06,5.22063e-06,4.41888e-06,3.67036e-06,2.97206e-06,2.31884e-06,1.70404e-06,1.12004e-06,5.58756e-07,1.20441e-08,1.61151e-09,1.42463e-09,1.24486e-09,1.0749e-09,9.17886e-10,7.76138e-10,6.50731e-10,5.41636e-10,4.48032e-10,3.68613e-10,3.01845e-10,2.46135e-10,1.99947e-10,1.61861e-10,1.30606e-10,1.05064e-10,8.42707e-11,6.74033e-11,5.37655e-11,4.27735e-11,3.39403e-11,2.68624e-11,2.1207e-11,1.67004e-11,1.3119e-11,1.02803e-11,8.03623e-12,6.26676e-12,4.87511e-12,3.78338e-12,2.92911e-12,2.26232e-12,1.74316e-12,1.33997e-12,1.02761e-12,7.86227e-13,6.00152e-13,4.57076e-13,3.47344e-13,2.6341e-13,1.99393e-13,1.50727e-13,1.13876e-13,8.61225e-14,6.53856e-14,5.00914e-14,3.90672e-14,2.88953e-14,2.20775e-14,1.72584e-14,1.40605e-14,1.22446e-14,1.16954e-14,0,0,0,0,0
0,0,0,0,0,0,0,0,0,0,0,0,0,0,0,0,2.49118e-06,4.8108e-06,6.83113e-06,8.4679e-06,9.68371e-06,1.04818e-05,1.08948e-05,1.09736e-05,1.0777e-05,1.03647e-05,9.79288e-06,9.11085e-06,8.36046e-06,7.57563e-06,6.78279e-06,6.00163e-06,5.24593e-06,4.52452e-06,3.84207e-06,3.19993e-06,2.59683e-06,2.02949e-06,1.49316e-06,9.82131e-07,4.90103e-07,1.05315e-08,1.39043e-09,1.2289e-09,1.07653e-09,9.33928e-10,8.02415e-10,6.83191e-10,5.76906e-10,4.83584e-10,4.02721e-10,3.33442e-10,2.74657e-10,2.25184e-10,1.8384e-10,1.49502e-10,1.21137e-10,9.78184e-11,7.8733e-11,6.31751e-11,5.05402e-11,4.03153e-11,3.20684e-11,2.54383e-11,2.01243e-11,1.5878e-11,1.24948e-11,9.80698e-12,7.67758e-12,5.99524e-12,4.66972e-12,3.62816e-12,2.81191e-12,2.1739e-12,1.67653e-12,1.2898e-12,9.89868e-13,7.57862e-13,5.78858e-13,4.41105e-13,3.35378e-13,2.54454e-13,1.92696e-13,1.45721e-13,1.10136e-13,8.33254e-14,6.32879e-14,4.85074e-14,3.78541e-14,2.79997e-14,2.13971e-14,1.67287e-14,1.36302e-14,1.1871e-14,1.134e-14,0,0,0,0,0
0,0,0,0,0,0,0,0,0,0,0,0,0,0,0,0,1.93002e-06,3.73945e-06,5.33743e-06,6.65985e-06,7.67299e-06,8.37127e-06,8.77134e-06,8.90502e-06,8.81259e-06,8.53731e-06,8.12154e-06,7.60413e-06,7.01901e-06,6.39458e-06,5.75366e-06,5.11381e-06,4.48783e-06,3.8844e-06,3.30867e-06,2.76289e-06,2.24698e-06,1.75902e-06,1.29576e-06,8.52978e-07,4.25828e-07,9.14552e-09,1.20406e-09,1.06483e-09,9.34918e-10,8.14132e-10,7.02922e-10,6.01856e-10,5.11282e-10,4.31198e-10,3.61258e-10,3.00849e-10,2.49176e-10,2.05351e-10,1.68459e-10,1.37609e-10,1.11964e-10,9.07587e-11,7.33098e-11,5.90159e-11,4.73552e-11,3.78796e-11,3.02081e-11,2.40191e-11,1.90429e-11,1.50549e-11,1.1869e-11,9.33161e-12,7.31687e-12,5.72181e-12,4.46267e-12,3.47152e-12,2.69352e-12,2.08452e-12,1.60912e-12,1.239e-12,9.51639e-13,7.29119e-13,5.5727e-13,4.24909e-13,3.2324e-13,2.45366e-13,1.85898e-13,1.40639e-13,1.06338e-13,8.04838e-14,6.11553e-14,4.68953e-14,3.66175e-14,2.7087e-14,2.07036e-14,1.61889e-14,1.31918e-14,1.14903e-14,1.09778e-14,0,0,0,0,0
0,0,0,0,0,0,0,0,0,0,0,0,0,0,0,0,1.50028e-06,2.91416e-06,4.17626e-06,5.23819e-06,6.07158e-06,6.66753e-06,7.03357e-06,7.18933e-06,7.1621e-06,6.98289e-06,6.68332e-06,6.29343e-06,5.84023e-06,5.34699e-06,4.83291e-06,4.3132e-06,3.7993e-06,3.29933e-06,2.81844e-06,2.35934e-06,1.92272e-06,1.50764e-06,1.11195e-06,7.32585e-07,3.65897e-07,7.87296e-09,1.04697e-09,9.27734e-10,8.16752e-10,7.13703e-10,6.1878e-10,5.32304e-10,4.54481e-10,3.85298e-10,3.245e-10,2.71636e-10,2.26107e-10,1.87232e-10,1.54293e-10,1.26577e-10,1.034e-10,8.41302e-11,6.81921e-11,5.50734e-11,4.4324e-11,3.55532e-11,2.84256e-11,2.26553e-11,1.8001e-11,1.426e-11,1.12632e-11,8.87055e-12,6.96636e-12,5.45565e-12,4.26079e-12,3.31856e-12,2.57776e-12,1.997e-12,1.54302e-12,1.18915e-12,9.14073e-13,7.00844e-13,5.36013e-13,4.08946e-13,3.11266e-13,2.36393e-13,1.79181e-13,1.35614e-13,1.02579e-13,7.76694e-14,5.90413e-14,4.52955e-14,3.53883e-14,2.61797e-14,2.00138e-14,1.56515e-14,1.2755e-14,1.11107e-14,1.06165e-14,0,0,0,0,0
0,0,0,0,0,0,0,0,0,0,0,0,0,0,0,0,1.16573e-06,2.26875e-06,3.26164e-06,4.10806e-06,4.78501e-06,5.28306e-06,5.60473e-06,5.76191e-06,5.77296e-06,5.65991e-06,5.44611e-06,5.15445e-06,4.80611e-06,4.41977e-06,4.01123e-06,3.59331e-06,3.17593e-06,2.76635e-06,2.36943e-06,1.98802e-06,1.62322e-06,1.27477e-06,9.41311e-07,6.20682e-07,3.10165e-07,6.70741e-09,9.16109e-10,8.14832e-10,7.19847e-10,6.31198e-10,5.4924e-10,4.74331e-10,4.06673e-10,3.4627e-10,2.92931e-10,2.46306e-10,2.05927e-10,1.71252e-10,1.41706e-10,1.16707e-10,9.56922e-11,7.81311e-11,6.35371e-11,5.1471e-11,4.15428e-11,3.34107e-11,2.67782e-11,2.13909e-11,1.7032e-11,1.35186e-11,1.06967e-11,8.43834e-12,6.63701e-12,5.20499e-12,4.07024e-12,3.17389e-12,2.46805e-12,1.9139e-12,1.48015e-12,1.14163e-12,8.78206e-13,6.73803e-13,5.1565e-13,3.9363e-13,2.99759e-13,2.27758e-13,1.72707e-13,1.30764e-13,9.89466e-14,7.49465e-14,5.69939e-14,4.37444e-14,3.41945e-14,2.52983e-14,1.93426e-14,1.51276e-14,1.23284e-14,1.07394e-14,1.02627e-14,0,0,0,0,0
0,0,0,0,0,0,0,0,0,0,0,0,0,0,0,0,9.00956e-07,1.7561e-06,2.53096e-06,3.19837e-06,3.74021e-06,4.14779e-06,4.42106e-06,4.56707e-06,4.59807e-06,4.52957e-06,4.37865e-06,4.16251e-06,3.89745e-06,3.59821e-06,3.27749e-06,2.94583e-06,2.61156e-06,2.28096e-06,1.95838e-06,1.64656e-06,1.34678e-06,1.05919e-06,7.83003e-07,5.16728e-07,2.58374e-07,5.64833e-09,8.10228e-10,7.24806e-10,6.42937e-10,5.65576e-10,4.93595e-10,4.27565e-10,3.67761e-10,3.14215e-10,2.66771e-10,2.25137e-10,1.88926e-10,1.5769e-10,1.30949e-10,1.08219e-10,8.90238e-11,7.29128e-11,5.94675e-11,4.83068e-11,3.90892e-11,3.15126e-11,2.5313e-11,2.02621e-11,1.6164e-11,1.28522e-11,1.01859e-11,8.04732e-12,6.33812e-12,4.97683e-12,3.8963e-12,3.04145e-12,2.36732e-12,1.8374e-12,1.42211e-12,1.09766e-12,8.44929e-13,6.48652e-13,4.96664e-13,3.79316e-13,2.8898e-13,2.19651e-13,1.66616e-13,1.26192e-13,9.55158e-14,7.23706e-14,5.50547e-14,4.2274e-14,3.30613e-14,2.44606e-14,1.87032e-14,1.46269e-14,1.19191e-14,1.03821e-14,9.92183e-15,0,0,0,0,0
0,0,0,0,0,0,0,0,0,0,0,0,0,0,0,0,6.8755e-07,1.34172e-06,1.93754e-06,2.45493e-06,2.87997e-06,3.20525e-06,3.42958e-06,3.55702e-06,3.59566e-06,3.55632e-06,3.4513e-06,3.2933e-06,3.09466e-06,2.86671e-06,2.61941e-06,2.36117e-06,2.09879e-06,1.83747e-06,1.58094e-06,1.33166e-06,1.09093e-06,8.59099e-07,6.35771e-07,4.19941e-07,2.10163e-07,4.71244e-09,7.30049e-10,6.57677e-10,5.85478e-10,5.16098e-10,4.51177e-10,3.91535e-10,3.37486e-10,2.89047e-10,2.46057e-10,2.08243e-10,1.75257e-10,1.46709e-10,1.22182e-10,1.01257e-10,8.35222e-11,6.85832e-11,5.60727e-11,4.56536e-11,3.70216e-11,2.99054e-11,2.40666e-11,1.92975e-11,1.54189e-11,1.22776e-11,9.74356e-12,7.7073e-12,6.07713e-12,4.77678e-12,3.74317e-12,2.92439e-12,2.27795e-12,1.76925e-12,1.37022e-12,1.0582e-12,8.1496e-13,6.25921e-13,4.79445e-13,3.6629e-13,2.7914e-13,2.12227e-13,1.61021e-13,1.2198e-13,9.23464e-14,6.9986e-14,5.32578e-14,4.09118e-14,3.20107e-14,2.36824e-14,1.8106e-14,1.41565e-14,1.15325e-14,1.0043e-14,9.59752e-15,0,0,0,0,0
0,0,0,0,0,0,0,0,0,0,0,0,0,0,0,0,5.11774e-07,9.99603e-07,1.4457e-06,1.83553e-06,2.1587e-06,2.40934e-06,2.58589e-06,2.69062e-06,2.72877e-06,2.70776e-06,2.63625e-06,2.52339e-06,2.37825e-06,2.20927e-06,2.024e-06,1.82891e-06,1.6293e-06,1.42931e-06,1.23198e-06,1.03936e-06,8.52633e-07,6.72242e-07,4.98027e-07,3.29335e-07,1.65111e-07,3.98069e-09,6.79024e-10,6.1468e-10,5.4728e-10,4.82047e-10,4.21242e-10,3.6566e-10,3.15465e-10,2.70556e-10,2.30706e-10,1.95623e-10,1.64971e-10,1.38386e-10,1.15491e-10,9.59079e-11,7.92664e-11,6.52119e-11,5.34121e-11,4.35609e-11,3.53802e-11,2.86215e-11,2.30646e-11,1.85172e-11,1.48124e-11,1.1807e-11,9.37907e-12,7.42542e-12,5.85947e-12,4.60895e-12,3.61395e-12,2.82503e-12,2.20167e-12,1.71077e-12,1.32544e-12,1.02396e-12,7.88824e-13,6.05997e-13,4.6428e-13,3.54763e-13,2.70392e-13,2.05597e-13,1.56003e-13,1.18186e-13,8.94814e-14,6.78245e-14,5.16285e-14,3.96817e-14,3.10645e-14,2.29761e-14,1.75583e-14,1.3721e-14,1.11716e-14,9.7242e-15,9.2914e-15,0,0,0,0,0
0,0,0,0,0,0,0,0,0,0,0,0,0,0,0,0,3.63019e-07,7.09531e-07,1.02734e-06,1.30639e-06,1.53931e-06,1.72175e-06,1.85227e-06,1.93207e-06,1.96445e-06,1.95431e-06,1.90749e-06,1.83031e-06,1.72909e-06,1.60982e-06,1.47792e-06,1.33807e-06,1.19417e-06,1.04929e-06,9.05745e-07,7.65121e-07,6.28386e-07,4.95974e-07,3.67882e-07,2.43739e-07,1.22801e-07,3.77355e-09,6.64829e-10,5.97489e-10,5.27616e-10,4.62228e-10,4.02777e-10,3.49221e-10,3.01232e-10,2.58458e-10,2.20563e-10,1.87208e-10,1.58049e-10,1.32734e-10,1.10905e-10,9.22077e-11,7.62946e-11,6.2835e-11,5.15179e-11,4.20561e-11,3.41883e-11,2.76798e-11,2.23223e-11,1.79333e-11,1.4354e-11,1.14478e-11,9.09813e-12,7.20605e-12,5.68846e-12,4.47586e-12,3.51054e-12,2.74481e-12,2.13954e-12,1.66273e-12,1.28837e-12,9.95393e-13,7.66846e-13,5.8912e-13,4.51342e-13,3.44863e-13,2.62829e-13,1.99829e-13,1.51611e-13,1.14846e-13,8.69455e-14,6.59032e-14,5.01813e-14,3.8607e-14,3.025e-14,2.235e-14,1.7062e-14,1.33214e-14,1.08374e-14,9.42587e-15,9.00198e-15,0,0,0,0,0
0,0,0,0,0,0,0,0,0,0,0,0,0,0,0,0,2.32772e-07,4.55174e-07,6.59583e-07,8.39652e-07,9.90681e-07,1.1098e-06,1.19593e-06,1.24967e-06,1.27294e-06,1.26871e-06,1.24058e-06,1.19251e-06,1.1285e-06,1.05239e-06,9.67654e-07,8.77354e-07,7.8404e-07,6.89756e-07,5.96047e-07,5.04003e-07,4.14313e-07,3.27333e-07,2.43165e-07,1.61741e-07,8.28162e-08,5.30904e-09,6.9939e-10,6.04635e-10,5.23274e-10,4.54319e-10,3.94373e-10,3.41391e-10,2.94294e-10,2.52458e-10,2.15447e-10,1.8289e-10,1.54432e-10,1.29724e-10,1.08414e-10,9.01555e-11,7.46115e-11,6.14598e-11,5.03983e-11,4.11475e-11,3.34531e-11,2.70866e-11,2.1845e-11,1.75501e-11,1.40472e-11,1.12028e-11,8.90289e-12,7.05085e-12,5.56537e-12,4.37847e-12,3.43366e-12,2.68428e-12,2.09198e-12,1.62545e-12,1.25922e-12,9.72651e-13,7.49147e-13,5.75378e-13,4.40697e-13,3.36637e-13,2.56486e-13,1.94948e-13,1.47862e-13,1.11973e-13,8.47447e-14,6.42213e-14,4.89102e-14,3.77169e-14,2.99823e-14,2.17947e-14,1.6609e-14,1.29544e-14,1.05292e-14,9.14676e-15,8.7217e-15,0,0,0,0,0
0,0,0,0,0,0,0,0,0,0,0,0,0,0,0,0,1.13881e-07,2.22754e-07,3.22944e-07,4.11382e-07,4.85773e-07,5.44689e-07,5.87569e-07,6.14641e-07,6.26795e-07,6.25424e-07,6.12254e-07,5.89189e-07,5.58169e-07,5.21062e-07,4.79579e-07,4.35226e-07,3.89269e-07,3.42726e-07,2.96376e-07,2.50773e-07,2.06281e-07,1.63112e-07,1.21408e-07,8.14205e-08,4.40926e-08,1.31911e-08,3.99713e-09,1.47272e-09,7.42701e-10,5.01021e-10,3.95989e-10,3.32218e-10,2.83501e-10,2.42416e-10,2.06676e-10,1.75406e-10,1.48121e-10,1.24441e-10,1.04017e-10,8.65155e-11,7.16118e-11,5.89985e-11,4.83868e-11,3.95099e-11,3.21247e-11,2.60126e-11,2.09797e-11,1.68552e-11,1.34908e-11,1.07587e-11,8.54939e-12,6.77031e-12,5.34337e-12,4.20329e-12,3.2958e-12,2.57608e-12,2.00729e-12,1.55934e-12,1.20774e-12,9.32679e-13,7.18187e-13,5.51459e-13,4.22264e-13,3.22467e-13,2.45618e-13,1.86632e-13,1.41512e-13,1.07131e-13,8.10591e-14,6.14234e-14,4.68091e-14,3.62106e-14,2.90638e-14,2.09374e-14,1.58847e-14,1.23358e-14,9.90249e-15,8.15875e-15,6.08614e-15,0,0,0,0,0
0,0,0,0,0,0,0,0,0,0,0,0,0,0,0,0,0,0,0,0,0,0,0,0,0,0,0,0,0,0,0,0,0,0,0,0,0,0,0,0,0,0,0,0,0,0,0,0,0,0,0,0,0,0,0,0,0,0,0,0,0,0,0,0,0,0,0,0,0,0,0,0,0,0,0,0,0,0,0,0,0,0,0,0,0,0,0,0,7.75811e-15,0,0,0,0,0,0,0,0,0,0,0
0,0,0,0,0,0,0,0,0,0,0,0,0,0,0,0,0,0,0,0,0,0,0,0,0,0,0,0,0,0,0,0,0,0,0,0,0,0,0,0,0,0,0,0,0,0,0,0,0,0,0,0,0,0,0,0,0,0,0,0,0,0,0,0,0,0,0,0,0,0,0,0,0,0,0,0,0,0,0,0,0,0,0,0,0,0,0,0,2.0709e-15,0,0,0,0,0,0,0,0,0,0,0
0,0,0,0,0,0,0,0,0,0,0,0,0,0,0,0,0,0,0,0,0,0,0,0,0,0,0,0,0,0,0,0,0,0,0,0,0,0,0,0,0,0,0,0,0,0,0,0,0,0,0,0,0,0,0,0,0,0,0,0,0,0,0,0,0,0,0,0,0,0,0,0,0,0,0,0,0,0,0,0,0,0,0,0,0,0,0,0,5.52791e-16,0,0,0,0,0,0,0,0,0,0,0
0,0,0,0,0,0,0,0,0,0,0,0,0,0,0,0,0,0,0,0,0,0,0,0,0,0,0,0,0,0,0,0,0,0,0,0,0,0,0,0,0,0,0,0,0,0,0,0,0,0,0,0,0,0,0,0,0,0,0,0,0,0,0,0,0,0,0,0,0,0,0,0,0,0,0,0,0,0,0,0,0,0,0,0,0,0,0,0,1.47558e-16,0,0,0,0,0,0,0,0,0,0,0
0,0,0,0,0,0,0,0,0,0,0,0,0,0,0,0,0,0,0,0,0,0,0,0,0,0,0,0,0,0,0,0,0,0,0,0,0,0,0,0,0,0,0,0,0,0,0,0,0,0,0,0,0,0,0,0,0,0,0,0,0,0,0,0,0,0,0,0,0,0,0,0,0,0,0,0,0,0,0,0,0,0,0,0,0,0,0,0,3.93881e-17,0,0,0,0,0,0,0,0,0,0,0
0,0,0,0,0,0,0,0,0,0,0,0,0,0,0,0,0,0,0,0,0,0,0,0,0,0,0,0,0,0,0,0,0,0,0,0,0,0,0,0,0,0,0,0,0,0,0,0,0,0,0,0,0,0,0,0,0,0,0,0,0,0,0,0,0,0,0,0,0,0,0,0,0,0,0,0,0,0,0,0,0,0,0,0,0,0,0,0,1.05148e-17,0,0,0,0,0,0,0,0,0,0,0
0,0,0,0,0,0,0,0,0,0,0,0,0,0,0,0,0,0,0,0,0,0,0,0,0,0,0,0,0,0,0,0,0,0,0,0,0,0,0,0,0,0,0,0,0,0,0,0,0,0,0,0,0,0,0,0,0,0,0,0,0,0,0,0,0,0,0,0,0,0,0,0,0,0,0,0,0,0,0,0,0,0,0,0,0,0,0,0,2.81003e-18,0,0,0,0,0,0,0,0,0,0,0
0,0,0,0,0,0,0,0,0,0,0,0,0,0,0,0,0,0,0,0,0,0,0,0,0,0,0,0,0,0,0,0,0,0,0,0,0,0,0,0,0,0,0,0,0,0,0,0,0,0,0,0,0,0,0,0,0,0,0,0,0,0,0,0,0,0,0,0,0,0,0,0,0,0,0,0,0,0,0,0,0,0,0,0,0,0,0,0,7.6319e-19,2.09224e-20,1.69368e-20,1.08788e-20,4.91778e-21,2.31023e-21,1.16195e-21,6.12172e-22,3.31367e-22,1.79994e-22,9.35273e-23,3.95468e-23
0,0,0,0,0,0,0,0,0,0,0,0,0,0,0,0,0,0,0,0,0,0,0,0,0,0,0,0,0,0,0,0,0,0,0,0,0,0,0,0,0,0,0,0,0,0,0,0,0,0,0,0,0,0,0,0,0,0,0,0,0,0,0,0,0,0,0,0,0,0,0,0,0,0,0,0,0,0,0,0,0,0,0,0,0,0,0,0,2.14249e-19,1.7064e-20,1.51524e-20,1.24075e-20,6.86064e-21,3.63546e-21,1.96766e-21,1.08537e-21,6.05196e-22,3.35215e-22,1.76388e-22,7.51205e-23
0,0,0,0,0,0,0,0,0,0,0,0,0,0,0,0,0,0,0,0,0,0,0,0,0,0,0,0,0,0,0,0,0,0,0,0,0,0,0,0,0,0,0,0,0,0,0,0,0,0,0,0,0,0,0,0,0,0,0,0,0,0,0,0,0,0,0,0,0,0,0,0,0,0,0,0,0,0,0,0,0,0,0,0,0,0,0,0,6.51767e-20,1.29572e-20,1.212e-20,1.08692e-20,6.86423e-21,4.00934e-21,2.32684e-21,1.34883e-21,7.79112e-22,4.42401e-22,2.36715e-22,1.01801e-22
0,0,0,0,0,0,0,0,0,0,0,0,0,0,0,0,0,0,0,0,0,0,0,0,0,0,0,0,0,0,0,0,0,0,0,0,0,0,0,0,0,0,0,0,0,0,0,0,0,0,0,0,0,0,0,0,0,0,0,0,0,0,0,0,0,0,0,0,0,0,0,0,0,0,0,0,0,0,0,0,0,0,0,0,0,0,0,0,2.34641e-20,9.79418e-21,9.37505e-21,8.76413e-21,6.05959e-21,3.81185e-21,2.34579e-21,1.42288e-21,8.50768e-22,4.95652e-22,2.70017e-22,1.17376e-22
0,0,0,0,0,0,0,0,0,0,0,0,0,0,0,0,0,0,0,0,0,0,0,0,0,0,0,0,0,0,0,0,0,0,0,0,0,0,0,0,0,0,0,0,0,0,0,0,0,0,0,0,0,0,0,0,0,0,0,0,0,0,0,0,0,0,0,0,0,0,0,0,0,0,0,0,0,0,0,0,0,0,0,0,0,0,0,0,1.09925e-20,7.55765e-21,7.30042e-21,6.94993e-21,5.08941e-21,3.37015e-21,2.16786e-21,1.36459e-21,8.40924e-22,5.01665e-22,2.7805e-22,1.22152e-22
0,0,0,0,0,0,0,0,0,0,0,0,0,0,0,0,0,0,0,0,0,0,0,0,0,0,0,0,0,0,0,0,0,0,0,0,0,0,0,0,0,0,0,0,0,0,0,0,0,0,0,0,0,0,0,0,0,0,0,0,0,0,0,0,0,0,0,0,0,0,0,0,0,0,0,0,0,0,0,0,0,0,0,0,0,0,0,0,6.7974e-21,6.09699e-21,5.90835e-21,5.63727e-21,4.22311e-21,2.87145e-21,1.89958e-21,1.22855e-21,7.75809e-22,4.72428e-22,2.65978e-22,1.18003e-22
0,0,0,0,0,0,0,0,0,0,0,0,0,0,0,0,0,0,0,0,0,0,0,0,0,0,0,0,0,0,0,0,0,0,0,0,0,0,0,0,0,0,0,0,0,0,0,0,0,0,0,0,0,0,0,0,0,0,0,0,0,0,0,0,0,0,0,0,0,0,0,0,0,0,0,0,0,0,0,0,0,0,0,0,0,0,0,0,5.13833e-21,5.30051e-21,5.14155e-21,4.78116e-21,3.4998e-21,2.37927e-21,1.59493e-21,1.05125e-21,6.77247e-22,4.19964e-22,2.39871e-22,1.07408e-22
0,0,0,0,0,0,0,0,0,0,0,0,0,0,0,0,0,0,0,0,0,0,0,0,0,0,0,0,0,0,0,0,0,0,0,0,0,0,0,0,0,0,0,0,0,0,0,0,0,0,0,0,0,0,0,0,0,0,0,0,0,0,0,0,0,0,0,0,0,0,0,0,0,0,0,0,0,0,0,0,0,0,0,0,0,0,0,0,4.13274e-21,5.12072e-21,4.96908e-21,4.08156e-21,2.77997e-21,1.86806e-21,1.26755e-21,8.52324e-22,5.60748e-22,3.54327e-22,2.05389e-22,9.28344e-23
0,0,0,0,0,0,0,0,0,0,0,0,0,0,0,0,0,0,0,0,0,0,0,0,0,0,0,0,0,0,0,0,0,0,0,0,0,0,0,0,0,0,0,0,0,0,0,0,0,0,0,0,0,0,0,0,0,0,0,0,0,0,0,0,0,0,0,0,0,0,0,0,0,0,0,0,0,0,0,0,0,0,0,0,0,0,0,0,1.98035e-21,4.02388e-21,3.99654e-21,2.37852e-21,1.77595e-21,1.28719e-21,9.22784e-22,6.46346e-22,4.3875e-22,2.83961e-22,1.67472e-22,7.64974e-23
0,0,0,0,0,0,0,0,0,0,0,0,0,0,0,0,0,0,0,0,0,0,0,0,0,0,0,0,0,0,0,0,0,0,0,0,0,0,0,0,0,0,0,0,0,0,0,0,0,0,0,0,0,0,0,0,0,0,0,0,0,0,0,0,0,0,0,0,0,0,0,0,0,0,0,0,0,0,0,0,0,0,0,0,0,0,0,0,0,0,0,0,7.00033e-22,7.31821e-22,6.04565e-22,4.5608e-22,3.2422e-22,2.16471e-22,1.30355e-22,6.02714e-23
0,0,0,0,0,0,0,0,0,0,0,0,0,0,0,0,0,0,0,0,0,0,0,0,0,0,0,0,0,0,0,0,0,0,0,0,0,0,0,0,0,0,0,0,0,0,0,0,0,0,0,0,0,0,0,0,0,0,0,0,0,0,0,0,0,0,0,0,0,0,0,0,0,0,0,0,0,0,0,0,0,0,0,0,0,0,0,0,0,0,0,0,3.11176e-22,4.01973e-22,3.7513e-22,3.05406e-22,2.28379e-22,1.5784e-22,9.72522e-23,4.55641e-23
0,0,0,0,0,0,0,0,0,0,0,0,0,0,0,0,0,0,0,0,0,0,0,0,0,0,0,0,0,0,0,0,0,0,0,0,0,0,0,0,0,0,0,0,0,0,0,0,0,0,0,0,0,0,0,0,0,0,0,0,0,0,0,0,0,0,0,0,0,0,0,0,0,0,0,0,0,0,0,0,0,0,0,0,0,0,0,0,0,0,0,0,1.51994e-22,2.22311e-22,2.2734e-22,1.97716e-22,1.55059e-22,1.10862e-22,6.989e-23,3.31831e-23
0,0,0,0,0,0,0,0,0,0,0,0,0,0,0,0,0,0,0,0,0,0,0,0,0,0,0,0,0,0,0,0,0,0,0,0,0,0,0,0,0,0,0,0,0,0,0,0,0,0,0,0,0,0,0,0,0,0,0,0,0,0,0,0,0,0,0,0,0,0,0,0,0,0,0,0,0,0,0,0,0,0,0,0,0,0,0,0,0,0,0,0,7.94012e-23,1.25031e-22,1.3653e-22,1.25215e-22,1.02328e-22,7.54384e-23,4.85795e-23,2.33548e-23
0,0,0,0,0,0,0,0,0,0,0,0,0,0,0,0,0,0,0,0,0,0,0,0,0,0,0,0,0,0,0,0,0,0,0,0,0,0,0,0,0,0,0,0,0,0,0,0,0,0,0,0,0,0,0,0,0,0,0,0,0,0,0,0,0,0,0,0,0,0,0,0,0,0,0,0,0,0,0,0,0,0,0,0,0,0,0,0,0,0,0,0,4.32889e-23,7.12863e-23,8.15144e-23,7.788e-23,6.58256e-23,4.98098e-23,3.26744e-23,1.58822e-23
0,0,0,0,0,0,0,0,0,0,0,0,0,0,0,0,0,0,0,0,0,0,0,0,0,0,0,0,0,0,0,0,0,0,0,0,0,0,0,0,0,0,0,0,0,0,0,0,0,0,0,0,0,0,0,0,0,0,0,0,0,0,0,0,0,0,0,0,0,0,0,0,0,0,0,0,0,0,0,0,0,0,0,0,0,0,0,0,0,0,0,0,2.39835e-23,4.06015e-23,4.79247e-23,4.71945e-23,4.09461e-23,3.16371e-23,2.10692e-23,1.03347e-23
0,0,0,0,0,0,0,0,0,0,0,0,0,0,0,0,0,0,0,0,0,0,0,0,0,0,0,0,0,0,0,0,0,0,0,0,0,0,0,0,0,0,0,0,0,0,0,0,0,0,0,0,0,0,0,0,0,0,0,0,0,0,0,0,0,0,0,0,0,0,0,0,0,0,0,0,0,0,0,0,0,0,0,0,0,0,0,0,0,0,0,0,1.28627e-23,2.21453e-23,2.66914e-23,2.68415e-23,2.37287e-23,1.86173e-23,1.25389e-23,6.19264e-24
0,0,0,0,0,0,0,0,0,0,0,0,0,0,0,0,0,0,0,0,0,0,0,0,0,0,0,0,0,0,0,0,0,0,0,0,0,0,0,0,0,0,0,0,0,0,0,0,0,0,0,0,0,0,0,0,0,0,0,0,0,0,0,0,0,0,0,0,0,0,0,0,0,0,0,0,0,0,0,0,0,0,0,0,0,0,0,0,0,0,0,0,5.68565e-24,9.87986e-24,1.2052e-23,1.22718e-23,1.09732e-23,8.69147e-24,5.89511e-24,2.92403e-24
