0.00828964,0.0166629,0.0251831,0.0338707,0.04268,0.051477,0.0600264,0.0680007,0.0750207,0.0807217,0.0848113,0.0870784,0.0873575,0.0854816,0.0812481,0.0744188,0.0647648,0.0521639,0.0367436,0.019028,0,0,0,0,0,0,0,0,0,0,0,0,0,0,0,0,0,0,0,0,0,0,0,0,0,0,0,0,0,0,0,0,0,0,0,0,0,0,0,0,0,0,0,0,0,0,0,0,0,0,0,0,0,0,0,0,0,0,0,0,0,0,0,0,0,0,0,0,0,0,0,0,0,0,0,0,0,0,0,0
0.0164956,0.0331791,0.0501988,0.0676197,0.0853725,0.103202,0.120628,0.136956,0.15136,0.163055,0.171445,0.176145,0.17687,0.173321,0.165092,0.151662,0.132476,0.107147,0.0757826,0.0393686,0,0,0,0,0,0,0,0,0,0,0,0,0,0,0,0,0,0,0,0,0,0,0,0,0,0,0,0,0,0,0,0,0,0,0,0,0,0,0,0,0,0,0,0,0,0,0,0,0,0,0,0,0,0,0,0,0,0,0,0,0,0,0,0,0,0,0,0,0,0,0,0,0,0,0,0,0,0,0,0
0.0245137,0.0493589,0.0748133,0.101037,0.127989,0.155329,0.182328,0.207833,0.230411,0.248691,0.261771,0.269185,0.270658,0.265839,0.254137,0.234662,0.206331,0.168166,0.119871,0.0626636,0,0,0,0,0,0,0,0,0,0,0,0,0,0,0,0,0,0,0,0,0,0,0,0,0,0,0,0,0,0,0,0,0,0,0,0,0,0,0,0,0,0,0,0,0,0,0,0,0,0,0,0,0,0,0,0,0,0,0,0,0,0,0,0,0,0,0,0,0,0,0,0,0,0,0,0,0,0,0,0
0.0322003,0.0649295,0.0986589,0.133725,0.170216,0.207799,0.24552,0.281639,0.313758,0.33953,0.357761,0.368166,0.370736,0.365242,0.350953,0.326518,0.290021,0.239313,0.172873,0.0914146,0,0,0,0,0,0,0,0,0,0,0,0,0,0,0,0,0,0,0,0,0,0,0,0,0,0,0,0,0,0,0,0,0,0,0,0,0,0,0,0,0,0,0,0,0,0,0,0,0,0,0,0,0,0,0,0,0,0,0,0,0,0,0,0,0,0,0,0,0,0,0,0,0,0,0,0,0,0,0,0
0.0393581,0.0795,0.121167,0.16499,0.21135,0.260133,0.310314,0.359446,0.403452,0.437909,0.461577,0.474983,0.478878,0.47344,0.457916,0.430438,0.38792,0.326194,0.240892,0.130122,0,0,0,0,0,0,0,0,0,0,0,0,0,0,0,0,0,0,0,0,0,0,0,0,0,0,0,0,0,0,0,0,0,0,0,0,0,0,0,0,0,0,0,0,0,0,0,0,0,0,0,0,0,0,0,0,0,0,0,0,0,0,0,0,0,0,0,0,0,0,0,0,0,0,0,0,0,0,0,0
0.0457321,0.0925449,0.141521,0.193717,0.250062,0.311066,0.376159,0.442379,0.502696,0.547076,0.575655,0.59131,0.596354,0.591724,0.576833,0.549397,0.505026,0.436651,0.334379,0.188182,0,0,0,0,0,0,0,0,0,0,0,0,0,0,0,0,0,0,0,0,0,0,0,0,0,0,0,0,0,0,0,0,0,0,0,0,0,0,0,0,0,0,0,0,0,0,0,0,0,0,0,0,0,0,0,0,0,0,0,0,0,0,0,0,0,0,0,0,0,0,0,0,0,0,0,0,0,0,0,0
0.0510254,0.103427,0.158654,0.218296,0.284113,0.357913,0.440875,0.531216,0.617875,0.672045,0.702659,0.718248,0.723504,0.720269,0.708296,0.685289,0.646137,0.581005,0.471789,0.288229,0,0,0,0,0,0,0,0,0,0,0,0,0,0,0,0,0,0,0,0,0,0,0,0,0,0,0,0,0,0,0,0,0,0,0,0,0,0,0,0,0,0,0,0,0,0,0,0,0,0,0,0,0,0,0,0,0,0,0,0,0,0,0,0,0,0,0,0,0,0,0,0,0,0,0,0,0,0,0,0
0.0549427,0.111484,0.171372,0.236699,0.310183,0.395597,0.498213,0.623733,0.765544,0.820569,0.844687,0.85552,0.859144,0.857552,0.850794,0.837328,0.813227,0.769444,0.683544,0.492943,0,0,0,0,0,0,0,0,0,0,0,0,0,0,0,0,0,0,0,0,0,0,0,0,0,0,0,0,0,0,0,0,0,0,0,0,0,0,0,0,0,0,0,0,0,0,0,0,0,0,0,0,0,0,0,0,0,0,0,0,0,0,0,0,0,0,0,0,0,0,0,0,0,0,0,0,0,0,0,0
0.057262,0.116193,0.178651,0.246945,0.324324,0.41608,0.532646,0.699961,1,1,1,1,1,1,1,1,1,1,1,1,1,1,1,1,1,1,1,1,1,1,1,1,1,1,1,1,1,1,1,1,1,1,1,1,1,1,1,1,1,1,1,1,1,1,1,1,1,1,1,1,1,1,1,1,1,1,1,0,0,0,0,0,0,0,0,0,0,0,0,0,0,0,0,0,0,0,0,0,0,0,0,0,0,0,0,0,0,0,0,0
0.0579122,0.117376,0.180093,0.248107,0.324087,0.411754,0.516329,0.643466,0.786503,0.842319,0.866759,0.877416,0.88035,0.877548,0.869074,0.853411,0.826677,0.779885,0.690678,0.496563,0,0,0,0,0,0,0,0,0,0,0,0,0,0,0,0,0,0,0,0,0,0,0,0,0,0,0,0,0,0,0,0,0,0,0,0,0,0,0,0,0,0,0,0,0,0,0,0,0,0,0,0,0,0,0,0,0,0,0,0,0,0,0,0,0,0,0,0,0,0,0,0,0,0,0,0,0,0,0,0
0.057011,0.115306,0.176239,0.241304,0.312163,0.390519,0.477451,0.571072,0.660226,0.716016,0.747301,0.762556,0.766434,0.76077,0.745338,0.717892,0.673411,0.602185,0.486264,0.295575,0,0,0,0,0,0,0,0,0,0,0,0,0,0,0,0,0,0,0,0,0,0,0,0,0,0,0,0,0,0,0,0,0,0,0,0,0,0,0,0,0,0,0,0,0,0,0,0,0,0,0,0,0,0,0,0,0,0,0,0,0,0,0,0,0,0,0,0,0,0,0,0,0,0,0,0,0,0,0,0
0.0548264,0.110596,0.168253,0.228708,0.292742,0.36071,0.431883,0.503145,0.567313,0.614218,0.643876,0.659072,0.662061,0.653762,0.633614,0.599409,0.546892,0.469179,0.356619,0.199473,0,0,0,0,0,0,0,0,0,0,0,0,0,0,0,0,0,0,0,0,0,0,0,0,0,0,0,0,0,0,0,0,0,0,0,0,0,0,0,0,0,0,0,0,0,0,0,0,0,0,0,0,0,0,0,0,0,0,0,0,0,0,0,0,0,0,0,0,0,0,0,0,0,0,0,0,0,0,0,0
0.0516983,0.104001,0.157467,0.212535,0.269387,0.327697,0.386227,0.442312,0.491664,0.529666,0.554913,0.567795,0.568978,0.558603,0.535947,0.499239,0.445568,0.371021,0.27156,0.145697,0,0,0,0,0,0,0,0,0,0,0,0,0,0,0,0,0,0,0,0,0,0,0,0,0,0,0,0,0,0,0,0,0,0,0,0,0,0,0,0,0,0,0,0,0,0,0,0,0,0,0,0,0,0,0,0,0,0,0,0,0,0,0,0,0,0,0,0,0,0,0,0,0,0,0,0,0,0,0,0
0.0479657,0.0962433,0.145081,0.194579,0.244573,0.294465,0.343019,0.388211,0.427365,0.457873,0.478314,0.488219,0.487452,0.475727,0.452333,0.416032,0.365121,0.297776,0.212905,0.111756,0,0,0,0,0,0,0,0,0,0,0,0,0,0,0,0,0,0,0,0,0,0,0,0,0,0,0,0,0,0,0,0,0,0,0,0,0,0,0,0,0,0,0,0,0,0,0,0,0,0,0,0,0,0,0,0,0,0,0,0,0,0,0,0,0,0,0,0,0,0,0,0,0,0,0,0,0,0,0,0
0.0439211,0.0879257,0.132033,0.176126,0.219862,0.262571,0.303172,0.340151,0.371712,0.396148,0.412252,0.419315,0.416886,0.40452,0.381627,0.347436,0.301108,0.242056,0.170527,0.0884229,0,0,0,0,0,0,0,0,0,0,0,0,0,0,0,0,0,0,0,0,0,0,0,0,0,0,0,0,0,0,0,0,0,0,0,0,0,0,0,0,0,0,0,0,0,0,0,0,0,0,0,0,0,0,0,0,0,0,0,0,0,0,0,0,0,0,0,0,0,0,0,0,0,0,0,0,0,0,0,0
0.0397931,0.0795054,0.119001,0.158032,0.196177,0.232786,0.266947,0.297509,0.323187,0.342755,0.355231,0.359906,0.356257,0.34384,0.322221,0.290978,0.249821,0.198813,0.138725,0.0714086,0,0,0,0,0,0,0,0,0,0,0,0,0,0,0,0,0,0,0,0,0,0,0,0,0,0,0,0,0,0,0,0,0,0,0,0,0,0,0,0,0,0,1,1,1,1,0,0,0,0,0,0,0,0,0,0,0,0,0,0,0,0,0,0,0,0,0,0,0,0,0,0,0,0,0,0,0,0,0,0
0.035746,0.0713019,0.106434,0.140825,0.17403,0.20545,0.234324,0.259752,0.280771,0.296455,0.306014,0.308821,0.304396,0.292365,0.272437,0.244436,0.208384,0.164652,0.11415,0.0584869,0,0,0,0,0,0,0,0,0,0,0,0,0,0,0,0,0,0,0,0,0,0,0,0,0,0,0,0,0,0,0,0,0,0,0,0,0,0,0,0,0,0,0,0,0,0,0,0,0,0,0,0,0,0,0,0,0,0,0,0,0,0,0,0,0,0,0,0,0,0,0,0,0,0,0,0,0,0,0,0
0.0318892,0.0635219,0.09461,0.124804,0.153667,0.180661,0.205147,0.226407,0.243692,0.256283,0.263549,0.264969,0.260144,0.248787,0.230729,0.205946,0.174628,0.137263,0.094735,0.0483894,0,0,0,0,0,0,0,0,0,0,0,0,0,0,0,0,0,0,0,0,0,0,0,0,0,0,0,0,0,0,0,0,0,0,0,0,0,0,0,0,0,0,0,0,0,0,0,0,0,0,0,0,0,0,0,0,0,0,0,0,0,0,0,0,0,0,0,0,0,0,0,0,0,0,0,0,0,0,0,0
0.0282889,0.0562868,0.0836804,0.110114,0.135174,0.158382,0.179197,0.197037,0.211306,0.221439,0.22693,0.227364,0.222426,0.211913,0.195745,0.173992,0.14692,0.115035,0.0791388,0.0403358,0,0,0,0,0,0,0,0,0,0,0,0,0,0,0,0,0,0,0,0,0,0,0,0,0,0,0,0,0,0,0,0,0,0,0,0,0,0,0,0,0,0,0,0,0,0,0,0,0,0,0,0,0,0,0,0,0,0,0,0,0,0,0,0,0,0,0,0,0,0,0,0,0,0,0,0,0,0,0,0
0.0249798,0.0496562,0.0737113,0.0967987,0.118535,0.138496,0.156224,0.171238,0.18306,0.191237,0.195369,0.195131,0.190285,0.180696,0.166347,0.14736,0.124024,0.0968211,0.0664492,0.0338151,0,0,0,0,0,0,0,0,0,0,0,0,0,0,0,0,0,0,0,0,0,0,0,0,0,0,0,0,0,0,0,0,0,0,0,0,0,0,0,0,0,0,0,0,0,0,0,0,0,0,0,0,0,0,0,0,0,0,0,0,0,0,0,0,0,0,0,0,0,0,0,0,0,0,0,0,0,0,0,0
0.021974,0.0436475,0.0647104,0.0848351,0.103671,0.120845,0.135966,0.148634,0.15846,0.165081,0.168181,0.167508,0.162889,0.15424,0.141588,0.125078,0.104994,0.081777,0.0560221,0.0284755,0,0,0,0,0,0,0,0,0,0,0,0,0,0,0,0,0,0,0,0,0,0,0,0,0,0,0,0,0,0,0,0,0,0,0,0,0,0,0,0,0,0,0,0,0,0,0,0,0,0,0,0,0,0,0,0,0,0,0,0,0,0,0,0,0,0,0,0,0,0,0,0,0,0,0,0,0,0,0,0
0.0192689,0.0382496,0.0566483,0.0741609,0.0904706,0.105249,0.118161,0.128873,0.137066,0.142447,0.144767,0.143834,0.139522,0.13179,0.120688,0.106369,0.0891005,0.0692708,0.0473873,0.0240647,0,0,0,0,0,0,0,0,0,0,0,0,0,0,0,0,0,0,0,0,0,0,0,0,0,0,0,0,0,0,0,0,0,0,0,0,0,0,0,0,0,0,0,0,0,0,0,0,0,0,0,0,0,0,0,0,0,0,0,0,0,0,0,0,0,0,0,0,0,0,0,0,0,0,0,0,0,0,0,0
0.0168521,0.0334341,0.0494729,0.0646903,0.0788023,0.0915207,0.102558,0.111634,0.118485,0.122876,0.124609,0.123539,0.119579,0.112713,0.103007,0.0906108,0.0757686,0.0588191,0.040192,0.0203962,0,0,0,0,0,0,0,0,0,0,0,0,0,0,0,0,0,0,0,0,0,0,0,0,0,0,0,0,0,0,0,0,0,0,0,0,0,0,0,0,0,0,0,0,0,0,0,0,0,0,0,0,0,0,0,0,0,0,0,0,0,0,0,0,0,0,0,0,0,0,0,0,0,0,0,0,0,0,0,0
0.0147056,0.0291621,0.0431196,0.0563261,0.0685285,0.0794747,0.0889176,0.0966209,0.102367,0.105964,0.107257,0.106136,0.102542,0.0964785,0.0880171,0.0772998,0.0645449,0.0500457,0.0341658,0.0173282,0,0,0,0,0,0,0,0,0,0,0,0,0,0,0,0,0,0,0,0,0,0,0,0,0,0,0,0,0,0,0,0,0,0,0,0,0,0,0,0,0,0,0,0,0,0,0,0,0,0,0,0,0,0,0,0,0,0,0,0,0,0,0,0,0,0,0,0,0,0,0,0,0,0,0,0,0,0,0,0
0.0128082,0.0253897,0.0375179,0.0489668,0.059512,0.0689332,0.0770181,0.0835669,0.0883987,0.0913579,0.0923217,0.0912068,0.087976,0.0826444,0.0752846,0.0660275,0.0550663,0.0426538,0.0290976,0.0147508,0,0,0,0,0,0,0,0,0,0,0,0,0,0,0,0,0,0,0,0,0,0,0,0,0,0,0,0,0,0,0,0,0,0,0,0,0,0,0,0,0,0,0,0,0,0,0,0,0,0,0,0,0,0,0,0,0,0,0,0,0,0,0,0,0,0,0,0,0,0,0,0,0,0,0,0,0,0,0,0
0.0111376,0.0220708,0.0325962,0.0425121,0.0516206,0.0597295,0.0666562,0.0722316,0.0763048,0.078749,0.0794667,0.0783955,0.0755129,0.0708411,0.0644508,0.0564605,0.04704,0.0364064,0.0248203,0.0125776,0,0,0,0,0,0,0,0,0,0,0,0,0,0,0,0,0,0,0,0,0,0,0,0,0,0,0,0,0,0,0,0,0,0,0,0,0,0,0,0,0,0,0,0,0,0,0,0,0,0,0,0,0,0,0,0,0,0,0,0,0,0,0,0,0,0,0,0,0,0,0,0,0,0,0,0,0,0,0,0
0.00967158,0.0191603,0.0282846,0.0368658,0.0447298,0.0517094,0.0576473,0.0624001,0.0658418,0.0678685,0.0684026,0.0673974,0.0648409,0.0607589,0.0552182,0.0483251,0.0402276,0.0311122,0.0212,0.0107396,0,0,0,0,0,0,0,0,0,0,0,0,0,0,0,0,0,0,0,0,0,0,0,0,0,0,0,0,0,0,0,0,0,0,0,0,0,0,0,0,0,0,0,0,0,0,0,0,0,0,0,0,0,0,0,0,0,0,0,0,0,0,0,0,0,0,0,0,0,0,0,0,0,0,0,0,0,0,0,0
0.00838856,0.0166145,0.0245168,0.0319378,0.0387246,0.0447322,0.0498251,0.0538815,0.0567958,0.0584824,0.0588797,0.0579527,0.0556963,0.052138,0.0473395,0.0413952,0.034434,0.0266157,0.0181281,0.009181,0,0,0,0,0,0,0,0,0,0,0,0,0,0,0,0,0,0,0,0,0,0,0,0,0,0,0,0,0,0,0,0,0,0,0,0,0,0,0,0,0,0,0,0,0,0,0,0,0,0,0,0,0,0,0,0,0,0,0,0,0,0,0,0,0,0,0,0,0,0,0,0,0,0,0,0,0,0,0,0
0.0072683,0.0143927,0.0212311,0.0276447,0.0335,0.0386709,0.0430411,0.0465067,0.0489791,0.0503877,0.0506831,0.0498391,0.0478556,0.0447598,0.040608,0.0354836,0.0294983,0.0227893,0.0155162,0.00785643,0,0,0,0,0,0,0,0,0,0,0,0,0,0,0,0,0,0,0,0,0,0,0,0,0,0,0,0,0,0,0,0,0,0,0,0,0,0,0,0,0,0,0,0,0,0,0,0,0,0,0,0,0,0,0,0,0,0,0,0,0,0,0,0,0,0,0,0,0,0,0,0,0,0,0,0,0,0,0,0
0.00629208,0.0124574,0.0183709,0.0239109,0.028961,0.0334118,0.0371632,0.0401269,0.042228,0.0434083,0.0436278,0.0428671,0.0411291,0.03844,0.0348507,0.0304342,0.0252873,0.0195278,0.0132914,0.00672864,0,0,0,0,0,0,0,0,0,0,0,0,0,0,0,0,0,0,0,0,0,0,0,0,0,0,0,0,0,0,0,0,0,0,0,0,0,0,0,0,0,0,0,0,0,0,0,0,0,0,0,0,0,0,0,0,0,0,0,0,0,0,0,0,0,0,0,0,0,0,0,0,0,0,0,0,0,0,0,0
0.0054428,0.0107742,0.0158847,0.0206679,0.0250224,0.0288533,0.0320748,0.0346112,0.0363997,0.0373915,0.0375546,0.0368745,0.0353557,0.033023,0.029922,0.0261164,0.02169,0.0167437,0.0113934,0.00576687,0,0,0,0,0,0,0,0,0,0,0,0,0,0,0,0,0,0,0,0,0,0,0,0,0,0,0,0,0,0,0,0,0,0,0,0,0,0,0,0,0,0,0,0,0,0,0,0,0,0,0,0,0,0,0,0,0,0,0,0,0,0,0,0,0,0,0,0,0,0,0,0,0,0,0,0,0,0,0,0
0.00470499,0.00931249,0.0137266,0.0178547,0.0216084,0.0249059,0.027673,0.0298454,0.0313697,0.0322055,0.0323266,0.0317223,0.0303982,0.028377,0.0256993,0.0224207,0.0186135,0.0143644,0.00977216,0.00494557,0,0,0,0,0,0,0,0,0,0,0,0,0,0,0,0,0,0,0,0,0,0,0,0,0,0,0,0,0,0,0,0,0,0,0,0,0,0,0,0,0,0,0,0,0,0,0,0,0,0,0,0,0,0,0,0,0,0,0,0,0,0,0,0,0,0,0,0,0,0,0,0,0,0,0,0,0,0,0,0
0.00406482,0.00804448,0.0118554,0.0154167,0.0186519,0.0214901,0.0238676,0.0257293,0.0270301,0.0277362,0.0278261,0.0272918,0.0261396,0.02439,0.022079,0.0192549,0.01598,0.0123288,0.0083857,0.00424341,0,0,0,0,0,0,0,0,0,0,0,0,0,0,0,0,0,0,0,0,0,0,0,0,0,0,0,0,0,0,0,0,0,0,0,0,0,0,0,0,0,0,0,0,0,0,0,0,0,0,0,0,0,0,0,0,0,0,0,0,0,0,0,0,0,0,0,0,0,0,0,0,0,0,0,0,0,0,0,0
0.00350994,0.00694565,0.0102343,0.0133057,0.0160935,0.0185363,0.0205795,0.0221759,0.0232872,0.0238849,0.0239516,0.0234813,0.0224803,0.020967,0.0189733,0.016541,0.0137238,0.0105857,0.00719891,0.00364249,0,0,0,0,0,0,0,0,0,0,0,0,0,0,0,0,0,0,0,0,0,0,0,0,0,0,0,0,0,0,0,0,0,0,0,0,0,0,0,0,0,0,0,0,0,0,0,0,0,0,0,0,0,0,0,0,0,0,0,0,0,0,0,0,0,0,0,0,0,0,0,0,0,0,0,0,0,0,0,0
0.00302943,0.00599427,0.00883122,0.0114793,0.0138811,0.0159836,0.0177398,0.0191093,0.0200595,0.0205665,0.020616,0.0202034,0.0193349,0.0180271,0.0163077,0.014213,0.0117895,0.00909192,0.00618219,0.00312779,0,0,0,0,0,0,0,0,0,0,0,0,0,0,0,0,0,0,0,0,0,0,0,0,0,0,0,0,0,0,0,0,0,0,0,0,0,0,0,0,0,0,0,0,0,0,0,0,0,0,0,0,0,0,0,0,0,0,0,0,0,0,0,0,0,0,0,0,0,0,0,0,0,0,0,0,0,0,0,0
0.00261365,0.00517117,0.00761763,0.00990017,0.011969,0.0137786,0.0152883,0.0164636,0.0172767,0.0177076,0.0177442,0.0173834,0.0166308,0.0155011,0.0140188,0.0122152,0.0101302,0.00781099,0.00531056,0.00268661,0,0,0,0,0,0,0,0,0,0,0,0,0,0,0,0,0,0,0,0,0,0,0,0,0,0,0,0,0,0,0,0,0,0,0,0,0,0,0,0,0,0,0,0,0,0,0,0,0,0,0,0,0,0,0,0,0,0,0,0,0,0,0,0,0,0,0,0,0,0,0,0,0,0,0,0,0,0,0,0
0.00225411,0.00445952,0.0065686,0.00853557,0.0103174,0.0118748,0.0131727,0.0141817,0.014878,0.0152447,0.0152718,0.014957,0.0143054,0.0133302,0.0120527,0.0104998,0.00870607,0.00671195,0.00456287,0.00230821,0,0,0,0,0,0,0,0,0,0,0,0,0,0,0,0,0,0,0,0,0,0,0,0,0,0,0,0,0,0,0,0,0,0,0,0,0,0,0,0,0,0,0,0,0,0,0,0,0,0,0,0,0,0,0,0,0,0,0,0,0,0,0,0,0,0,0,0,0,0,0,0,0,0,0,0,0,0,0,0
0.0019434,0.00384459,0.00566231,0.00735696,0.00889138,0.0102316,0.0113476,0.012214,0.0128107,0.0131232,0.0131432,0.012869,0.0123055,0.011464,0.0103632,0.00902639,0.00748324,0.0057685,0.00392116,0.00198348,0,0,0,0,0,0,0,0,0,0,0,0,0,0,0,0,0,0,0,0,0,0,0,0,0,0,0,0,0,0,0,0,0,0,0,0,0,0,0,0,0,0,0,0,0,0,0,0,0,0,0,0,0,0,0,0,0,0,0,0,0,0,0,0,0,0,0,0,0,0,0,0,0,0,0,0,0,0,0,0
0.00167502,0.00331348,0.0048797,0.00633943,0.00766058,0.00881387,0.00977349,0.0105177,0.0110292,0.0112958,0.0113106,0.0110722,0.0105851,0.00985933,0.00891111,0.00776042,0.00643286,0.0049583,0.00337017,0.0017047,0,0,0,0,0,0,0,0,0,0,0,0,0,0,0,0,0,0,0,0,0,0,0,0,0,0,0,0,0,0,0,0,0,0,0,0,0,0,0,0,0,0,0,0,0,0,0,0,0,0,0,0,0,0,0,0,0,0,0,0,0,0,0,0,0,0,0,0,0,0,0,0,0,0,0,0,0,0,0,0
0.0014433,0.00285498,0.00420418,0.00546131,0.00659867,0.00759103,0.00841621,0.00905549,0.00949418,0.00972186,0.00973275,0.00952588,0.00910517,0.00847939,0.00766275,0.00667239,0.00553034,0.00426229,0.00289691,0.00146526,0,0,0,0,0,0,0,0,0,0,0,0,0,0,0,0,0,0,0,0,0,0,0,0,0,0,0,0,0,0,0,0,0,0,0,0,0,0,0,0,0,0,0,0,0,0,0,0,0,0,0,0,0,0,0,0,0,0,0,0,0,0,0,0,0,0,0,0,0,0,0,0,0,0,0,0,0,0,0,0
0.00124333,0.00245931,0.0036213,0.00470374,0.00568274,0.00653657,0.00724614,0.0077954,0.00817175,0.00836636,0.00837436,0.00819503,0.00783186,0.00729252,0.00658935,0.00573707,0.00475467,0.00366419,0.00249028,0.00125954,0,0,0,0,0,0,0,0,0,0,0,0,0,0,0,0,0,0,0,0,0,0,0,0,0,0,0,0,0,0,0,0,0,0,0,0,0,0,0,0,0,0,0,0,0,0,0,0,0,0,0,0,0,0,0,0,0,0,0,0,0,0,0,0,0,0,0,0,0,0,0,0,0,0,0,0,0,0,0,0
0.0010708,0.00211798,0.00311852,0.00405038,0.00489295,0.00562752,0.00623766,0.00670962,0.00703259,0.00719906,0.00720491,0.00704963,0.00673629,0.00627158,0.00566624,0.0049329,0.00408787,0.00315012,0.00214081,0.00108276,0,0,0,0,0,0,0,0,0,0,0,0,0,0,0,0,0,0,0,0,0,0,0,0,0,0,0,0,0,0,0,0,0,0,0,0,0,0,0,0,0,0,0,0,0,0,0,0,0,0,0,0,0,0,0,0,0,0,0,0,0,0,0,0,0,0,0,0,0,0,0,0,0,0,0,0,0,0,0,0
0.000922006,0.00182361,0.00268496,0.00348704,0.00421209,0.00484399,0.00536863,0.00577418,0.00605141,0.00619388,0.00619815,0.00606381,0.0057936,0.0053933,0.0048723,0.00424136,0.00351456,0.00270819,0.0018404,0.000930805,0,0,0,0,0,0,0,0,0,0,0,0,0,0,0,0,0,0,0,0,0,0,0,0,0,0,0,0,0,0,0,0,0,0,0,0,0,0,0,0,0,0,0,0,0,0,0,0,0,0,0,0,0,0,0,0,0,0,0,0,0,0,0,0,0,0,0,0,0,0,0,0,0,0,0,0,0,0,0,0
0.000793713,0.00156982,0.00231119,0.00300144,0.00362526,0.00416879,0.00461988,0.00496838,0.00520637,0.00532838,0.00533147,0.00521535,0.00498242,0.00463772,0.00418937,0.00364663,0.00302157,0.0023282,0.00158213,0.000800168,0,0,0,0,0,0,0,0,0,0,0,0,0,0,0,0,0,0,0,0,0,0,0,0,0,0,0,0,0,0,0,0,0,0,0,0,0,0,0,0,0,0,0,0,0,0,0,0,0,0,0,0,0,0,0,0,0,0,0,0,0,0,0,0,0,0,0,0,0,0,0,0,0,0,0,0,0,0,0,0
0.000683125,0.00135106,0.00198904,0.00258294,0.00311959,0.00358705,0.00397487,0.00427434,0.00447868,0.0045832,0.00458542,0.00448512,0.00428441,0.00398765,0.00360192,0.0031351,0.0025976,0.00200145,0.00136005,0.000687842,0,0,0,0,0,0,0,0,0,0,0,0,0,0,0,0,0,0,0,0,0,0,0,0,0,0,0,0,0,0,0,0,0,0,0,0,0,0,0,0,0,0,0,0,0,0,0,0,0,0,0,0,0,0,0,0,0,0,0,0,0,0,0,0,0,0,0,0,0,0,0,0,0,0,0,0,0,0,0,0
0.000587821,0.00116254,0.00171144,0.00222235,0.00268394,0.00308592,0.00341931,0.00367665,0.0038521,0.00394167,0.00394324,0.00385667,0.00368379,0.00342836,0.00309656,0.00269511,0.00223296,0.00172044,0.00116907,0.000591251,0,0,0,0,0,0,0,0,0,0,0,0,0,0,0,0,0,0,0,0,0,0,0,0,0,0,0,0,0,0,0,0,0,0,0,0,0,0,0,0,0,0,0,0,0,0,0,0,0,0,0,0,0,0,0,0,0,0,0,0,0,0,0,0,0,0,0,0,0,0,0,0,0,0,0,0,0,0,0,0
0.000505706,0.00100012,0.00147228,0.00191172,0.00230867,0.00265429,0.00294087,0.00316199,0.00331264,0.00338941,0.00339051,0.00331583,0.00316696,0.00294717,0.00266182,0.00231664,0.00191933,0.00147876,0.00100483,0.000508184,0,0,0,0,0,0,0,0,0,0,0,0,0,0,0,0,0,0,0,0,0,0,0,0,0,0,0,0,0,0,0,0,0,0,0,0,0,0,0,0,0,0,0,0,0,0,0,0,0,0,0,0,0,0,0,0,0,0,0,0,0,0,0,0,0,0,0,0,0,0,0,0,0,0,0,0,0,0,0,0
0.000434971,0.00086021,0.00126628,0.00164417,0.00198548,0.0022826,0.00252891,0.00271888,0.00284824,0.00291406,0.00291481,0.00285042,0.00272227,0.00253318,0.00228783,0.00199109,0.00164957,0.0012709,0.000863577,0.000436745,0,0,0,0,0,0,0,0,0,0,0,0,0,0,0,0,0,0,0,0,0,0,0,0,0,0,0,0,0,0,0,0,0,0,0,0,0,0,0,0,0,0,0,0,0,0,0,0,0,0,0,0,0,0,0,0,0,0,0,0,0,0,0,0,0,0,0,0,0,0,0,0,0,0,0,0,0,0,0,0
0.000374049,0.000739714,0.00108887,0.00141377,0.00170718,0.00196257,0.00217423,0.00233743,0.0024485,0.00250493,0.00250543,0.00244993,0.00233966,0.00217703,0.00196611,0.00171106,0.00141754,0.00109212,0.000742091,0.000375305,0,0,0,0,0,0,0,0,0,0,0,0,0,0,0,0,0,0,0,0,0,0,0,0,0,0,0,0,0,0,0,0,0,0,0,0,0,0,0,0,0,0,0,0,0,0,0,0,0,0,0,0,0,0,0,0,0,0,0,0,0,0,0,0,0,0,0,0,0,0,0,0,0,0,0,0,0,0,0,0
0.00032159,0.000635958,0.000936118,0.0012154,0.00146758,0.00168705,0.00186891,0.0020091,0.00210446,0.00215285,0.00215316,0.00210535,0.00201048,0.00187064,0.00168937,0.00147018,0.00121797,0.000938355,0.000637606,0.000322464,0,0,0,0,0,0,0,0,0,0,0,0,0,0,0,0,0,0,0,0,0,0,0,0,0,0,0,0,0,0,0,0,0,0,0,0,0,0,0,0,0,0,0,0,0,0,0,0,0,0,0,0,0,0,0,0,0,0,0,0,0,0,0,0,0,0,0,0,0,0,0,0,0,0,0,0,0,0,0,0
0.000276426,0.000546633,0.000804613,0.00104463,0.00126133,0.00144991,0.00160613,0.00172653,0.00180839,0.00184988,0.00185006,0.0018089,0.0017273,0.00160708,0.00145133,0.00126301,0.00104632,0.000806111,0.000547747,0.000277019,0,0,0,0,0,0,0,0,0,0,0,0,0,0,0,0,0,0,0,0,0,0,0,0,0,0,0,0,0,0,0,0,0,0,0,0,0,0,0,0,0,0,0,0,0,0,0,0,0,0,0,0,0,0,0,0,0,0,0,0,0,0,0,0,0,0,0,0,0,0,0,0,0,0,0,0,0,0,0,0
0.000237549,0.000469745,0.000691422,0.000897645,0.00108383,0.00124581,0.00138,0.00148338,0.00155365,0.00158922,0.0015893,0.00155387,0.00148371,0.00138039,0.00124659,0.00108483,0.000898706,0.000692382,0.000470469,0.000237938,0,0,0,0,0,0,0,0,0,0,0,0,0,0,0,0,0,0,0,0,0,0,0,0,0,0,0,0,0,0,0,0,0,0,0,0,0,0,0,0,0,0,0,0,0,0,0,0,0,0,0,0,0,0,0,0,0,0,0,0,0,0,0,0,0,0,0,0,0,0,0,0,0,0,0,0,0,0,0,0
0.000204091,0.000403575,0.000594011,0.00077116,0.000931077,0.0010702,0.00118542,0.00127418,0.00133448,0.00136498,0.00136499,0.00133451,0.0012742,0.00118542,0.00107051,0.000931595,0.000771762,0.000594582,0.000404017,0.000204332,0,0,0,0,0,0,0,0,0,0,0,0,0,0,0,0,0,0,0,0,0,0,0,0,0,0,0,0,0,0,0,0,0,0,0,0,0,0,0,0,0,0,0,0,0,0,0,0,0,0,0,0,0,0,0,0,0,0,0,0,0,0,0,0,0,0,0,0,0,0,0,0,0,0,0,0,0,0,0,0
0.000175302,0.00034664,0.000510197,0.000662333,0.000799658,0.000919114,0.00101804,0.00109422,0.00114596,0.00117211,0.00117207,0.00114585,0.00109403,0.00101776,0.000919104,0.000799832,0.000662606,0.000510488,0.000346878,0.000175435,0,0,0,0,0,0,0,0,0,0,0,0,0,0,0,0,0,0,0,0,0,0,0,0,0,0,0,0,0,0,0,0,0,0,0,0,0,0,0,0,0,0,0,0,0,0,0,0,0,0,0,0,0,0,0,0,0,0,0,0,0,0,0,0,0,0,0,0,0,0,0,0,0,0,0,0,0,0,0,0
0.000150535,0.000297659,0.000438095,0.000568716,0.000686611,0.000789155,0.000874061,0.000939437,0.000983826,0.00100624,0.00100617,0.000983621,0.000939102,0.000873607,0.000788921,0.000686544,0.000568757,0.000438187,0.000297752,0.000150592,0,0,0,0,0,0,0,0,0,0,0,0,0,0,0,0,0,0,0,0,0,0,0,0,0,0,0,0,0,0,0,0,0,0,0,0,0,0,0,0,0,0,0,0,0,0,0,0,0,0,0,0,0,0,0,0,0,0,0,0,0,0,0,0,0,0,0,0,0,0,0,0,0,0,0,0,0,0,0,0
0.000129231,0.00025553,0.00037608,0.000488198,0.000589386,0.000677388,0.000750245,0.000806334,0.000844404,0.000863608,0.000863518,0.000844139,0.000805905,0.000749674,0.000677004,0.000589154,0.000488079,0.000376034,0.000255521,0.000129235,0,0,0,0,0,0,0,0,0,0,0,0,0,0,0,0,0,0,0,0,0,0,0,0,0,0,0,0,0,0,0,0,0,0,0,0,0,0,0,0,0,0,0,0,0,0,0,0,0,0,0,0,0,0,0,0,0,0,0,0,0,0,0,0,0,0,0,0,0,0,0,0,0,0,0,0,0,0,0,0
0.000110912,0.000219301,0.000322752,0.000418961,0.000505784,0.000581286,0.000643787,0.000691894,0.000724537,0.00074099,0.000740887,0.000724236,0.000691409,0.000643146,0.000580806,0.000505443,0.000418733,0.000322611,0.000219222,0.000110878,0,0,0,0,0,0,0,0,0,0,0,0,0,0,0,0,0,0,0,0,0,0,0,0,0,0,0,0,0,0,0,0,0,0,0,0,0,0,0,0,0,0,0,0,0,0,0,0,0,0,0,0,0,0,0,0,0,0,0,0,0,0,0,0,0,0,0,0,0,0,0,0,0,0,0,0,0,0,0,0
9.51605e-05,0.000188153,0.000276904,0.000359437,0.000433912,0.00049867,0.000552271,0.000593521,0.000621503,0.000635594,0.000635485,0.000621182,0.000593007,0.000551594,0.000498134,0.000433502,0.000359139,0.000276701,0.000188028,9.51018e-05,0,0,0,0,0,0,0,0,0,0,0,0,0,0,0,0,0,0,0,0,0,0,0,0,0,0,0,0,0,0,0,0,0,0,0,0,0,0,0,0,0,0,0,0,0,0,0,0,0,0,0,0,0,0,0,0,0,0,0,0,0,0,0,0,0,0,0,0,0,0,0,0,0,0,0,0,0,0,0,0
8.16211e-05,0.000161379,0.000237495,0.000308273,0.000372137,0.000427663,0.000473617,0.000508976,0.000532955,0.000545021,0.00054491,0.000532627,0.000508452,0.00047293,0.000427098,0.000371689,0.000307933,0.000237253,0.000161225,8.15466e-05,0,0,0,0,0,0,0,0,0,0,0,0,0,0,0,0,0,0,0,0,0,0,0,0,0,0,0,0,0,0,0,0,0,0,0,0,0,0,0,0,0,0,0,0,0,0,0,0,0,0,0,0,0,0,0,0,0,0,0,0,0,0,0,0,0,0,0,0,0,0,0,0,0,0,0,0,0,0,0,0
6.99855e-05,0.00013837,0.000203628,0.000264306,0.000319052,0.000366648,0.000406033,0.000436333,0.000456874,0.000467203,0.000467092,0.000456549,0.000435813,0.000405352,0.000366075,0.000318587,0.000263945,0.000203365,0.000138199,6.99016e-05,0,0,0,0,0,0,0,0,0,0,0,0,0,0,0,0,0,0,0,0,0,0,0,0,0,0,0,0,0,0,0,0,0,0,0,0,0,0,0,0,0,0,0,0,0,0,0,0,0,0,0,0,0,0,0,0,0,0,0,0,0,0,0,0,0,0,0,0,0,0,0,0,0,0,0,0,0,0,0,0
5.99883e-05,0.000118601,0.000174532,0.000226533,0.000273447,0.00031423,0.000347974,0.000373929,0.00039152,0.000400359,0.000400251,0.000391203,0.000373423,0.000347312,0.000313664,0.00027298,0.000226164,0.000174259,0.000118422,5.98998e-05,0,0,0,0,0,0,0,0,0,0,0,0,0,0,0,0,0,0,0,0,0,0,0,0,0,0,0,0,0,0,0,0,0,0,0,0,0,0,0,0,0,0,0,0,0,0,0,0,0,0,0,0,0,0,0,0,0,0,0,0,0,0,0,0,0,0,0,0,0,0,0,0,0,0,0,0,0,0,0,0
5.14011e-05,0.000101621,0.00014954,0.000194089,0.000234278,0.00026921,0.00029811,0.000320336,0.000335395,0.000342955,0.000342852,0.000335091,0.00031985,0.000297475,0.000268661,0.000233819,0.000193723,0.000149267,0.00010144,5.13113e-05,0,0,0,0,0,0,0,0,0,0,0,0,0,0,0,0,0,0,0,0,0,0,0,0,0,0,0,0,0,0,0,0,0,0,0,0,0,0,0,0,0,0,0,0,0,0,0,0,0,0,0,0,0,0,0,0,0,0,0,0,0,0,0,0,0,0,0,0,0,0,0,0,0,0,0,0,0,0,0,0
4.40269e-05,8.70397e-05,0.000128079,0.000166231,0.000200644,0.000230555,0.000255297,0.000274322,0.000287208,0.000293673,0.000293574,0.000286919,0.00027386,0.000254694,0.000230029,0.000200202,0.000165875,0.000127812,8.68618e-05,4.39383e-05,0,0,0,0,0,0,0,0,0,0,0,0,0,0,0,0,0,0,0,0,0,0,0,0,0,0,0,0,0,0,0,0,0,0,0,0,0,0,0,0,0,0,0,0,0,0,0,0,0,0,0,0,0,0,0,0,0,0,0,0,0,0,0,0,0,0,0,0,0,0,0,0,0,0,0,0,0,0,0,0
3.76962e-05,7.4522e-05,0.000109656,0.000142315,0.000171773,0.000197373,0.000218547,0.000234826,0.000245849,0.000251373,0.00025128,0.000245576,0.000234391,0.00021798,0.000196875,0.000171351,0.000141974,0.000109398,7.43499e-05,3.76103e-05,0,0,0,0,0,0,0,0,0,0,0,0,0,0,0,0,0,0,0,0,0,0,0,0,0,0,0,0,0,0,0,0,0,0,0,0,0,0,0,0,0,0,0,0,0,0,0,0,0,0,0,0,0,0,0,0,0,0,0,0,0,0,0,0,0,0,0,0,0,0,0,0,0,0,0,0,0,0,0,0
3.22629e-05,6.3779e-05,9.38453e-05,0.000121792,0.000146996,0.000168898,0.000187012,0.000200934,0.000210359,0.000215079,0.000214992,0.000210104,0.000200528,0.000186481,0.00016843,0.000146598,0.000121468,9.36001e-05,6.36148e-05,3.21808e-05,0,0,0,0,0,0,0,0,0,0,0,0,0,0,0,0,0,0,0,0,0,0,0,0,0,0,0,0,0,0,0,0,0,0,0,0,0,0,0,0,0,0,0,0,0,0,0,0,0,0,0,0,0,0,0,0,0,0,0,0,0,0,0,0,0,0,0,0,0,0,0,0,0,0,0,0,0,0,0,0
2.76013e-05,5.45619e-05,8.02806e-05,0.000104184,0.000125741,0.000144471,0.000159959,0.000171862,0.000179917,0.000183947,0.000183866,0.000179679,0.000171483,0.000159465,0.000144034,0.000125367,0.00010388,8.00495e-05,5.44068e-05,2.75236e-05,0,0,0,0,0,0,0,0,0,0,0,0,0,0,0,0,0,0,0,0,0,0,0,0,0,0,0,0,0,0,0,0,0,0,0,0,0,0,0,0,0,0,0,0,0,0,0,0,0,0,0,0,0,0,0,0,0,0,0,0,0,0,0,0,0,0,0,0,0,0,0,0,0,0,0,0,0,0,0,0
2.3603e-05,4.66566e-05,6.86467e-05,8.90833e-05,0.000107512,0.000123522,0.000136759,0.000146931,0.000153811,0.000157251,0.000157176,0.000153591,0.00014658,0.000136303,0.000123116,0.000107164,8.87993e-05,6.84306e-05,4.65113e-05,2.35301e-05,0,0,0,0,0,0,0,0,0,0,0,0,0,0,0,0,0,0,0,0,0,0,0,0,0,0,0,0,0,0,0,0,0,0,0,0,0,0,0,0,0,0,0,0,0,0,0,0,0,0,0,0,0,0,0,0,0,0,0,0,0,0,0,0,0,0,0,0,0,0,0,0,0,0,0,0,0,0,0,0
2.01748e-05,3.98787e-05,5.86722e-05,7.61366e-05,9.18834e-05,0.000105563,0.000116871,0.000125559,0.000131434,0.000134368,0.000134299,0.000131231,0.000125236,0.00011645,0.000105188,9.15615e-05,7.58732e-05,5.84714e-05,3.97435e-05,2.01069e-05,0,0,0,0,0,0,0,0,0,0,0,0,0,0,0,0,0,0,0,0,0,0,0,0,0,0,0,0,0,0,0,0,0,0,0,0,0,0,0,0,0,0,0,0,0,0,0,0,0,0,0,0,0,0,0,0,0,0,0,0,0,0,0,0,0,0,0,0,0,0,0,0,0,0,0,0,0,0,0,0
1.72365e-05,3.40695e-05,5.01234e-05,6.50409e-05,7.84899e-05,9.01719e-05,9.98278e-05,0.000107244,0.000112258,0.00011476,0.000114696,0.000112072,0.000106948,9.94411e-05,8.9827e-05,7.81932e-05,6.47976e-05,4.99378e-05,3.39443e-05,1.71737e-05,0,0,0,0,0,0,0,0,0,0,0,0,0,0,0,0,0,0,0,0,0,0,0,0,0,0,0,0,0,0,0,0,0,0,0,0,0,0,0,0,0,0,0,0,0,0,0,0,0,0,0,0,0,0,0,0,0,0,0,0,0,0,0,0,0,0,0,0,0,0,0,0,0,0,0,0,0,0,0,0
1.4719e-05,2.90923e-05,4.27994e-05,5.5535e-05,6.70159e-05,7.69871e-05,8.52278e-05,9.1556e-05,9.58325e-05,9.79642e-05,9.7906e-05,9.56619e-05,9.12844e-05,8.48739e-05,7.66709e-05,6.67435e-05,5.53114e-05,4.26286e-05,2.89771e-05,1.46611e-05,0,0,0,0,0,0,0,0,0,0,0,0,0,0,0,0,0,0,0,0,0,0,0,0,0,0,0,0,0,0,0,0,0,0,0,0,0,0,0,0,0,0,0,0,0,0,0,0,0,0,0,0,0,0,0,0,0,0,0,0,0,0,0,0,0,0,0,0,0,0,0,0,0,0,0,0,0,0,0,0
1.25629e-05,2.48298e-05,3.65271e-05,4.73944e-05,5.71901e-05,6.56967e-05,7.27259e-05,7.81226e-05,8.17683e-05,8.35837e-05,8.35306e-05,8.16126e-05,7.78747e-05,7.24029e-05,6.54077e-05,5.69408e-05,4.71896e-05,3.63705e-05,2.47241e-05,1.25098e-05,0,0,0,0,0,0,0,0,0,0,0,0,0,0,0,0,0,0,0,0,0,0,0,0,0,0,0,0,0,0,0,0,0,0,0,0,0,0,0,0,0,0,0,0,0,0,0,0,0,0,0,0,0,0,0,0,0,0,0,0,0,0,0,0,0,0,0,0,0,0,0,0,0,0,0,0,0,0,0,0
1.0717e-05,2.11807e-05,3.11577e-05,4.04258e-05,4.87792e-05,5.60324e-05,6.2025e-05,6.66248e-05,6.97309e-05,7.1276e-05,7.12277e-05,6.95891e-05,6.63991e-05,6.1731e-05,5.57691e-05,4.85518e-05,4.02389e-05,3.10146e-05,2.10841e-05,1.06684e-05,0,0,0,0,0,0,0,0,0,0,0,0,0,0,0,0,0,0,0,0,0,0,0,0,0,0,0,0,0,0,0,0,0,0,0,0,0,0,0,0,0,0,0,0,0,0,0,0,0,0,0,0,0,0,0,0,0,0,0,0,0,0,0,0,0,0,0,0,0,0,0,0,0,0,0,0,0,0,0,0
9.13742e-06,1.80581e-05,2.6563e-05,3.4463e-05,4.15824e-05,4.77635e-05,5.28694e-05,5.67878e-05,5.94327e-05,6.07469e-05,6.0703e-05,5.9304e-05,5.65829e-05,5.26025e-05,4.75242e-05,4.13757e-05,3.42929e-05,2.64328e-05,1.79701e-05,9.09314e-06,0,0,0,0,0,0,0,0,0,0,0,0,0,0,0,0,0,0,0,0,0,0,0,0,0,0,0,0,0,0,0,0,0,0,0,0,0,0,0,0,0,0,0,0,0,0,0,0,0,0,0,0,0,0,0,0,0,0,0,0,0,0,0,0,0,0,0,0,0,0,0,0,0,0,0,0,0,0,0,0
7.78625e-06,1.53871e-05,2.26331e-05,2.9363e-05,3.54273e-05,4.06916e-05,4.50396e-05,4.83754e-05,5.06262e-05,5.17434e-05,5.17036e-05,5.05096e-05,4.81898e-05,4.47978e-05,4.04748e-05,3.52399e-05,2.92087e-05,2.25149e-05,1.53072e-05,7.74601e-06,0,0,0,0,0,0,0,0,0,0,0,0,0,0,0,0,0,0,0,0,0,0,0,0,0,0,0,0,0,0,0,0,0,0,0,0,0,0,0,0,0,0,0,0,0,0,0,0,0,0,0,0,0,0,0,0,0,0,0,0,0,0,0,0,0,0,0,0,0,0,0,0,0,0,0,0,0,0,0,0
6.63099e-06,1.31035e-05,1.92733e-05,2.5003e-05,3.01654e-05,3.46462e-05,3.83464e-05,4.11846e-05,4.30988e-05,4.40478e-05,4.40119e-05,4.29935e-05,4.10169e-05,3.8128e-05,3.44502e-05,2.99958e-05,2.48633e-05,1.91662e-05,1.30311e-05,6.59453e-06,0,0,0,0,0,0,0,0,0,0,0,0,0,0,0,0,0,0,0,0,0,0,0,0,0,0,0,0,0,0,0,0,0,0,0,0,0,0,0,0,0,0,0,0,0,0,0,0,0,0,0,0,0,0,0,0,0,0,0,0,0,0,0,0,0,0,0,0,0,0,0,0,0,0,0,0,0,0,0,0
5.64368e-06,1.1152e-05,1.64021e-05,2.12772e-05,2.56692e-05,2.94807e-05,3.26276e-05,3.50409e-05,3.66678e-05,3.74733e-05,3.74409e-05,3.65728e-05,3.48897e-05,3.24307e-05,2.93038e-05,2.55161e-05,2.11511e-05,1.63053e-05,1.10865e-05,5.61073e-06,0,0,0,0,0,0,0,0,0,0,0,0,0,0,0,0,0,0,0,0,0,0,0,0,0,0,0,0,0,0,0,0,0,0,0,0,0,0,0,0,0,0,0,0,0,0,0,0,0,0,0,0,0,0,0,0,0,0,0,0,0,0,0,0,0,0,0,0,0,0,0,0,0,0,0,0,0,0,0,0
4.80029e-06,9.48495e-06,1.39496e-05,1.80949e-05,2.18289e-05,2.5069e-05,2.77436e-05,2.97941e-05,3.11759e-05,3.18592e-05,3.183e-05,3.10904e-05,2.96581e-05,2.75664e-05,2.49098e-05,2.16911e-05,1.79813e-05,1.38624e-05,9.42598e-06,4.77058e-06,0,0,0,0,0,0,0,0,0,0,0,0,0,0,0,0,0,0,0,0,0,0,0,0,0,0,0,0,0,0,0,0,0,0,0,0,0,0,0,0,0,0,0,0,0,0,0,0,0,0,0,0,0,0,0,0,0,0,0,0,0,0,0,0,0,0,0,0,0,0,0,0,0,0,0,0,0,0,0,0
4.08016e-06,8.06164e-06,1.18557e-05,1.53781e-05,1.85505e-05,2.13028e-05,2.35745e-05,2.53155e-05,2.64882e-05,2.70673e-05,2.70412e-05,2.64115e-05,2.51934e-05,2.34154e-05,2.11599e-05,1.84266e-05,1.52759e-05,1.17774e-05,8.00861e-06,4.05344e-06,0,0,0,0,0,0,0,0,0,0,0,0,0,0,0,0,0,0,0,0,0,0,0,0,0,0,0,0,0,0,0,0,0,0,0,0,0,0,0,0,0,0,0,0,0,0,0,0,0,0,0,0,0,0,0,0,0,0,0,0,0,0,0,0,0,0,0,0,0,0,0,0,0,0,0,0,0,0,0,0
3.46555e-06,6.84694e-06,1.00688e-05,1.30596e-05,1.57529e-05,1.80893e-05,2.00172e-05,2.14944e-05,2.24888e-05,2.29793e-05,2.29559e-05,2.24201e-05,2.1385e-05,1.98746e-05,1.79611e-05,1.56419e-05,1.2968e-05,9.99854e-06,6.79936e-06,3.44158e-06,0,0,0,0,0,0,0,0,0,0,0,0,0,0,0,0,0,0,0,0,0,0,0,0,0,0,0,0,0,0,0,0,0,0,0,0,0,0,0,0,0,0,0,0,0,0,0,0,0,0,0,0,0,0,0,0,0,0,0,0,0,0,0,0,0,0,0,0,0,0,0,0,0,0,0,0,0,0,0,0
2.94123e-06,5.81072e-06,8.54456e-06,1.1082e-05,1.33667e-05,1.53484e-05,1.69832e-05,1.82355e-05,1.90782e-05,1.94932e-05,1.94722e-05,1.90167e-05,1.81377e-05,1.68558e-05,1.52337e-05,1.32674e-05,1.1e-05,8.48162e-06,5.76811e-06,2.91975e-06,0,0,0,0,0,0,0,0,0,0,0,0,0,0,0,0,0,0,0,0,0,0,0,0,0,0,0,0,0,0,0,0,0,0,0,0,0,0,0,0,0,0,0,0,0,0,0,0,0,0,0,0,0,0,0,0,0,0,0,0,0,0,0,0,0,0,0,0,0,0,0,0,0,0,0,0,0,0,0,0
2.49409e-06,4.92709e-06,7.24481e-06,9.39573e-06,1.13322e-05,1.30115e-05,1.43966e-05,1.54574e-05,1.61707e-05,1.65216e-05,1.65029e-05,1.61159e-05,1.53701e-05,1.4283e-05,1.29092e-05,1.12435e-05,9.3225e-06,7.18857e-06,4.88901e-06,2.4749e-06,0,0,0,0,0,0,0,0,0,0,0,0,0,0,0,0,0,0,0,0,0,0,0,0,0,0,0,0,0,0,0,0,0,0,0,0,0,0,0,0,0,0,0,0,0,0,0,0,0,0,0,0,0,0,0,0,0,0,0,0,0,0,0,0,0,0,0,0,0,0,0,0,0,0,0,0,0,0,0,0
2.11291e-06,4.17383e-06,6.13686e-06,7.95841e-06,9.59812e-06,1.10198e-05,1.21922e-05,1.30898e-05,1.36931e-05,1.39894e-05,1.39727e-05,1.36443e-05,1.30121e-05,1.2091e-05,1.09287e-05,9.51907e-06,7.89311e-06,6.08671e-06,4.13985e-06,2.09577e-06,0,0,0,0,0,0,0,0,0,0,0,0,0,0,0,0,0,0,0,0,0,0,0,0,0,0,0,0,0,0,0,0,0,0,0,0,0,0,0,0,0,0,0,0,0,0,0,0,0,0,0,0,0,0,0,0,0,0,0,0,0,0,0,0,0,0,0,0,0,0,0,0,0,0,0,0,0,0,0,0
1.78801e-06,3.53183e-06,5.19263e-06,6.73353e-06,8.12041e-06,9.32268e-06,1.03139e-05,1.10726e-05,1.15822e-05,1.18321e-05,1.18174e-05,1.15389e-05,1.10036e-05,1.0224e-05,9.24169e-06,8.0501e-06,6.67542e-06,5.14797e-06,3.50156e-06,1.77274e-06,0,0,0,0,0,0,0,0,0,0,0,0,0,0,0,0,0,0,0,0,0,0,0,0,0,0,0,0,0,0,0,0,0,0,0,0,0,0,0,0,0,0,0,0,0,0,0,0,0,0,0,0,0,0,0,0,0,0,0,0,0,0,0,0,0,0,0,0,0,0,0,0,0,0,0,0,0,0,0,0
1.51112e-06,2.98472e-06,4.388e-06,5.68979e-06,6.8613e-06,7.87669e-06,8.71369e-06,9.35407e-06,9.78403e-06,9.99452e-06,9.98142e-06,9.74559e-06,9.29289e-06,8.634e-06,7.80483e-06,6.79886e-06,5.63814e-06,4.34827e-06,2.95778e-06,1.49752e-06,0,0,0,0,0,0,0,0,0,0,0,0,0,0,0,0,0,0,0,0,0,0,0,0,0,0,0,0,0,0,0,0,0,0,0,0,0,0,0,0,0,0,0,0,0,0,0,0,0,0,0,0,0,0,0,0,0,0,0,0,0,0,0,0,0,0,0,0,0,0,0,0,0,0,0,0,0,0,0,0
1.2751e-06,2.5184e-06,3.70223e-06,4.80029e-06,5.78831e-06,6.64452e-06,7.35014e-06,7.88983e-06,8.25198e-06,8.42898e-06,8.41739e-06,8.21798e-06,7.83572e-06,7.27966e-06,6.58088e-06,5.73294e-06,4.75442e-06,3.6669e-06,2.49441e-06,1.26299e-06,0,0,0,0,0,0,0,0,0,0,0,0,0,0,0,0,0,0,0,0,0,0,0,0,0,0,0,0,0,0,0,0,0,0,0,0,0,0,0,0,0,0,0,0,0,0,0,0,0,0,0,0,0,0,0,0,0,0,0,0,0,0,0,0,0,0,0,0,0,0,0,0,0,0,0,0,0,0,0,0
1.07384e-06,2.12078e-06,3.1175e-06,4.04191e-06,4.87354e-06,5.5941e-06,6.18779e-06,6.64173e-06,6.94615e-06,7.09468e-06,7.08446e-06,6.91615e-06,6.59398e-06,6.12558e-06,5.53781e-06,4.82446e-06,4.00116e-06,3.08605e-06,2.09937e-06,1.06301e-06,0,0,0,0,0,0,0,0,0,0,0,0,0,0,0,0,0,0,0,0,0,0,0,0,0,0,0,0,0,0,0,0,0,0,0,0,0,0,0,0,0,0,0,0,0,0,0,0,0,0,0,0,0,0,0,0,0,0,0,0,0,0,0,0,0,0,0,0,0,0,0,0,0,0,0,0,0,0,0,0
9.02061e-07,1.78142e-06,2.61851e-06,3.39475e-06,4.09298e-06,4.69785e-06,5.19611e-06,5.57694e-06,5.83218e-06,5.95649e-06,5.94749e-06,5.80577e-06,5.5349e-06,5.14131e-06,4.64812e-06,4.04946e-06,3.35847e-06,2.59039e-06,1.76222e-06,8.92319e-07,0,0,0,0,0,0,0,0,0,0,0,0,0,0,0,0,0,0,0,0,0,0,0,0,0,0,0,0,0,0,0,0,0,0,0,0,0,0,0,0,0,0,0,0,0,0,0,0,0,0,0,0,0,0,0,0,0,0,0,0,0,0,0,0,0,0,0,0,0,0,0,0,0,0,0,0,0,0,0,0
7.55228e-07,1.49137e-06,2.19203e-06,2.84168e-06,3.42596e-06,3.93202e-06,4.34878e-06,4.66721e-06,4.88049e-06,4.98417e-06,4.97627e-06,4.85731e-06,4.63028e-06,4.30061e-06,3.88809e-06,3.3873e-06,2.80923e-06,2.16669e-06,1.47392e-06,7.46324e-07,0,0,0,0,0,0,0,0,0,0,0,0,0,0,0,0,0,0,0,0,0,0,0,0,0,0,0,0,0,0,0,0,0,0,0,0,0,0,0,0,0,0,0,0,0,0,0,0,0,0,0,0,0,0,0,0,0,0,0,0,0,0,0,0,0,0,0,0,0,0,0,0,0,0,0,0,0,0,0,0
6.29423e-07,1.24287e-06,1.82668e-06,2.36792e-06,2.85463e-06,3.27609e-06,3.62311e-06,3.88815e-06,4.06556e-06,4.15162e-06,4.14471e-06,4.04527e-06,3.85581e-06,3.58085e-06,3.23727e-06,2.82013e-06,2.33862e-06,1.80346e-06,1.22663e-06,6.21017e-07,0,0,0,0,0,0,0,0,0,0,0,0,0,0,0,0,0,0,0,0,0,0,0,0,0,0,0,0,0,0,0,0,0,0,0,0,0,0,0,0,0,0,0,0,0,0,0,0,0,0,0,0,0,0,0,0,0,0,0,0,0,0,0,0,0,0,0,0,0,0,0,0,0,0,0,0,0,0,0,0
5.21253e-07,1.02922e-06,1.5126e-06,1.96067e-06,2.36353e-06,2.71233e-06,2.99945e-06,3.21866e-06,3.36528e-06,3.43627e-06,3.43025e-06,3.34761e-06,3.19044e-06,2.96248e-06,2.67798e-06,2.33253e-06,1.93378e-06,1.4907e-06,1.0134e-06,5.12791e-07,0,0,0,0,0,0,0,0,0,0,0,0,0,0,0,0,0,0,0,0,0,0,0,0,0,0,0,0,0,0,0,0,0,0,0,0,0,0,0,0,0,0,0,0,0,0,0,0,0,0,0,0,0,0,0,0,0,0,0,0,0,0,0,0,0,0,0,0,0,0,0,0,0,0,0,0,0,0,0,0
4.27769e-07,8.44594e-07,1.2412e-06,1.60879e-06,1.93925e-06,2.22531e-06,2.46073e-06,2.6404e-06,2.76049e-06,2.81849e-06,2.81329e-06,2.7452e-06,2.61593e-06,2.42853e-06,2.19491e-06,1.91115e-06,1.58356e-06,1.21961e-06,8.27932e-07,4.18153e-07,0,0,0,0,0,0,0,0,0,0,0,0,0,0,0,0,0,0,0,0,0,0,0,0,0,0,0,0,0,0,0,0,0,0,0,0,0,0,0,0,0,0,0,0,0,0,0,0,0,0,0,0,0,0,0,0,0,0,0,0,0,0,0,0,0,0,0,0,0,0,0,0,0,0,0,0,0,0,0,0
3.46393e-07,6.83894e-07,1.00499e-06,1.30256e-06,1.57004e-06,1.80155e-06,1.99202e-06,2.13734e-06,2.23439e-06,2.28115e-06,2.27672e-06,2.22133e-06,2.11635e-06,1.96424e-06,1.77472e-06,1.54439e-06,1.27828e-06,9.82451e-07,6.64268e-07,3.33035e-07,0,0,0,0,0,0,0,0,0,0,0,0,0,0,0,0,0,0,0,0,0,0,0,0,0,0,0,0,0,0,0,0,0,0,0,0,0,0,0,0,0,0,0,0,0,0,0,0,0,0,0,0,0,0,0,0,0,0,0,0,0,0,0,0,0,0,0,0,0,0,0,0,0,0,0,0,0,0,0,0
2.74854e-07,5.42631e-07,7.97371e-07,1.03343e-06,1.24558e-06,1.42918e-06,1.5802e-06,1.69538e-06,1.77224e-06,1.80918e-06,1.80548e-06,1.76131e-06,1.67773e-06,1.55664e-06,1.40581e-06,1.22225e-06,1.00973e-06,7.72682e-07,5.16629e-07,2.506e-07,0,0,0,0,0,0,0,0,0,0,0,0,0,0,0,0,0,0,0,0,0,0,0,0,0,0,0,0,0,0,0,0,0,0,0,0,0,0,0,0,0,0,0,0,0,0,0,0,0,0,0,0,0,0,0,0,0,0,0,0,0,0,0,0,0,0,0,0,0,0,0,0,0,0,0,0,0,0,0,0
2.11131e-07,4.16812e-07,6.12464e-07,7.9375e-07,9.56666e-07,1.09763e-06,1.21356e-06,1.30195e-06,1.36089e-06,1.38915e-06,1.38617e-06,1.35206e-06,1.28762e-06,1.19426e-06,1.07793e-06,9.36086e-07,7.71245e-07,5.85863e-07,3.81216e-07,1.53289e-07,4.48935e-08,2.53649e-08,1.53204e-08,9.58918e-09,6.11503e-09,3.93771e-09,2.54849e-09,1.65364e-09,1.07435e-09,6.98378e-10,4.54055e-10,2.95196e-10,1.91887e-10,1.24705e-10,8.10243e-11,5.26289e-11,3.41748e-11,2.21848e-11,1.4397e-11,9.34002e-12,6.05735e-12,3.92711e-12,2.54517e-12,1.64896e-12,1.06795e-12,6.91415e-13,4.47473e-13,2.89491e-13,1.87214e-13,1.21025e-13,7.82064e-14,5.05169e-14,3.26179e-14,2.10521e-14,1.35817e-14,8.75843e-15,5.6456e-15,3.6375e-15,2.34261e-15,1.50799e-15,9.70275e-16,6.24001e-16,4.01114e-16,2.57713e-16,1.65497e-16,1.06225e-16,6.81466e-17,4.36964e-17,2.80056e-17,1.79424e-17,1.14935e-17,7.36553e-18,4.72858e-18,3.05117e-18,1.99419e-18,1.34312e-18,9.64474e-19,7.77105e-19,5.06353e-19,2.702e-19,1.52529e-19,8.95803e-20,5.4187e-20,3.35262e-20,2.11041e-20,1.34588e-20,8.66638e-21,5.61989e-21,3.66277e-21,2.39569e-21,1.57073e-21,1.03142e-21,6.77796e-22,4.45346e-22,2.92153e-22,1.90797e-22,1.23218e-22,7.74025e-23,4.51999e-23,2.08597e-23
1.53401e-07,3.02835e-07,4.44975e-07,5.76669e-07,6.95008e-07,7.97391e-07,8.8158e-07,9.45746e-07,9.88511e-07,1.00897e-06,1.00671e-06,9.8181e-07,9.34821e-07,8.66744e-07,7.8187e-07,6.78219e-07,5.57466e-07,4.21223e-07,2.70624e-07,1.05936e-07,4.35337e-08,2.76759e-08,1.76609e-08,1.13505e-08,7.33429e-09,4.75491e-09,3.08834e-09,2.00775e-09,1.30577e-09,8.49302e-10,5.52364e-10,3.59183e-10,2.33512e-10,1.51772e-10,9.86177e-11,6.40609e-11,4.16008e-11,2.70071e-11,1.75274e-11,1.13716e-11,7.37532e-12,4.78187e-12,3.09933e-12,2.00812e-12,1.30064e-12,8.42117e-13,5.45041e-13,3.52635e-13,2.28065e-13,1.47444e-13,9.52849e-14,6.15531e-14,3.97467e-14,2.56551e-14,1.65525e-14,1.06751e-14,6.88159e-15,4.43421e-15,2.85594e-15,1.83858e-15,1.18309e-15,7.6093e-16,4.89176e-16,3.14321e-16,2.01868e-16,1.29581e-16,8.31383e-17,5.33144e-17,3.41733e-17,2.18961e-17,1.40276e-17,8.9904e-18,5.77237e-18,3.72516e-18,2.43519e-18,1.64104e-18,1.18115e-18,9.62012e-19,7.25237e-19,4.2378e-19,2.5144e-19,1.52283e-19,9.40662e-20,5.90845e-20,3.76068e-20,2.4179e-20,1.56621e-20,1.02001e-20,6.66843e-21,4.37116e-21,2.87036e-21,1.88686e-21,1.24086e-21,8.15718e-22,5.35299e-22,3.49662e-22,2.25844e-22,1.4188e-22,8.28556e-23,3.82389e-23
9.99968e-08,1.97404e-07,2.90053e-07,3.75889e-07,4.53017e-07,5.1974e-07,5.74599e-07,6.16402e-07,6.44249e-07,6.5755e-07,6.5603e-07,6.39734e-07,6.09014e-07,5.64504e-07,5.08994e-07,4.41148e-07,3.62062e-07,2.72936e-07,1.75153e-07,7.08188e-08,3.50529e-08,2.44002e-08,1.64669e-08,1.09303e-08,7.19134e-09,4.70883e-09,3.07511e-09,2.00512e-09,1.3062e-09,8.50358e-10,5.53337e-10,3.59925e-10,2.34038e-10,1.52133e-10,9.88615e-11,6.42241e-11,4.17096e-11,2.70794e-11,1.75754e-11,1.14034e-11,7.39638e-12,4.79581e-12,3.10856e-12,2.01422e-12,1.30468e-12,8.44784e-13,5.46803e-13,3.53799e-13,2.28833e-13,1.47951e-13,9.56193e-14,6.17735e-14,3.98919e-14,2.57507e-14,1.66155e-14,1.07165e-14,6.90885e-15,4.45213e-15,2.86771e-15,1.84632e-15,1.18816e-15,7.64261e-16,4.9136e-16,3.15753e-16,2.02806e-16,1.30196e-16,8.35402e-17,5.35772e-17,3.43451e-17,2.20084e-17,1.41009e-17,9.03838e-18,5.80383e-18,3.74596e-18,2.44927e-18,1.65126e-18,1.19003e-18,9.7248e-19,7.47205e-19,4.54585e-19,2.80915e-19,1.7633e-19,1.1214e-19,7.20485e-20,4.66468e-20,3.03711e-20,1.98542e-20,1.3016e-20,8.54973e-21,5.62322e-21,3.70133e-21,2.43716e-21,1.60462e-21,1.05569e-21,6.93151e-22,4.52935e-22,2.92615e-22,1.83854e-22,1.07377e-22,4.95586e-23
4.93589e-08,9.74388e-08,1.43169e-07,1.85536e-07,2.23604e-07,2.56534e-07,2.83608e-07,3.04235e-07,3.17973e-07,3.24528e-07,3.23763e-07,3.15699e-07,3.00507e-07,2.78494e-07,2.51037e-07,2.17473e-07,1.78372e-07,1.34451e-07,8.68187e-08,3.78115e-08,2.48577e-08,1.86088e-08,1.30209e-08,8.81182e-09,5.85945e-09,3.85926e-09,2.52848e-09,1.65165e-09,1.07701e-09,7.01549e-10,4.56657e-10,2.97098e-10,1.93211e-10,1.25606e-10,8.16298e-11,5.30332e-11,3.44439e-11,2.23636e-11,1.45155e-11,9.41859e-12,6.10939e-12,3.96157e-12,2.56797e-12,1.66405e-12,1.07793e-12,6.98006e-13,4.51828e-13,2.92366e-13,1.89112e-13,1.22278e-13,7.90325e-14,5.10615e-14,3.29768e-14,2.12885e-14,1.37373e-14,8.86084e-15,5.71296e-15,3.68178e-15,2.37171e-15,1.5271e-15,9.8282e-16,6.32233e-16,4.06512e-16,2.61252e-16,1.67815e-16,1.07743e-16,6.91397e-17,4.43459e-17,2.84302e-17,1.82199e-17,1.16748e-17,7.48409e-18,4.8063e-18,3.10249e-18,2.02883e-18,1.36803e-18,9.85792e-19,8.0334e-19,5.87951e-19,3.75025e-19,2.4658e-19,1.63285e-19,1.08217e-19,7.16799e-20,4.74452e-20,3.13852e-20,2.07511e-20,1.37142e-20,9.05999e-21,5.98298e-21,3.94937e-21,2.6057e-21,1.71798e-21,1.13136e-21,7.43323e-22,4.85934e-22,3.14024e-22,1.97342e-22,1.15268e-22,5.32041e-23
0,0,0,0,0,0,0,0,0,0,0,0,0,0,0,0,0,0,0,0,0,0,0,0,0,0,0,0,0,0,0,0,0,0,0,0,0,0,0,0,0,0,0,0,0,0,0,0,0,0,0,0,0,0,0,0,0,0,0,0,0,0,0,0,0,0,0,0,0,0,0,0,0,0,0,0,0,0,2.22429e-19,2.19554e-19,1.72597e-19,1.25586e-19,8.81013e-20,6.05502e-20,4.1089e-20,2.76505e-20,1.85013e-20,1.23298e-20,8.19333e-21,5.43297e-21,3.59668e-21,2.37779e-21,1.56992e-21,1.03485e-21,6.80368e-22,4.44975e-22,2.87639e-22,1.80794e-22,1.05614e-22,4.87516e-23
0,0,0,0,0,0,0,0,0,0,0,0,0,0,0,0,0,0,0,0,0,0,0,0,0,0,0,0,0,0,0,0,0,0,0,0,0,0,0,0,0,0,0,0,0,0,0,0,0,0,0,0,0,0,0,0,0,0,0,0,0,0,0,0,0,0,0,0,0,0,0,0,0,0,0,0,0,0,9.19779e-20,1.14894e-19,1.0331e-19,8.15373e-20,6.02139e-20,4.27936e-20,2.9697e-20,2.02909e-20,1.37197e-20,9.2098e-21,6.15102e-21,4.09312e-21,2.71635e-21,1.79887e-21,1.1891e-21,7.84463e-22,5.1603e-22,3.37617e-22,2.18292e-22,1.37227e-22,8.01706e-23,3.70089e-23
0,0,0,0,0,0,0,0,0,0,0,0,0,0,0,0,0,0,0,0,0,0,0,0,0,0,0,0,0,0,0,0,0,0,0,0,0,0,0,0,0,0,0,0,0,0,0,0,0,0,0,0,0,0,0,0,0,0,0,0,0,0,0,0,0,0,0,0,0,0,0,0,0,0,0,0,0,0,3.47423e-20,4.87512e-20,4.74136e-20,3.94072e-20,3.01117e-20,2.18917e-20,1.54257e-20,1.06496e-20,7.2521e-21,4.89212e-21,3.27843e-21,2.18672e-21,1.45355e-21,9.63677e-22,6.375e-22,4.20783e-22,2.7689e-22,1.81197e-22,1.17171e-22,7.36636e-23,4.30377e-23,1.98679e-23
